[I 2025-11-27 09:26:32.133 ServerApp] jupyter_lsp | extension was successfully linked.
[I 2025-11-27 09:26:32.141 ServerApp] jupyter_server_terminals | extension was successfully linked.
[I 2025-11-27 09:26:32.152 ServerApp] jupyterlab | extension was successfully linked.
[I 2025-11-27 09:26:32.755 ServerApp] notebook_shim | extension was successfully linked.
[I 2025-11-27 09:26:32.794 ServerApp] notebook_shim | extension was successfully loaded.
[I 2025-11-27 09:26:32.796 ServerApp] jupyter_lsp | extension was successfully loaded.
[I 2025-11-27 09:26:32.796 ServerApp] jupyter_server_terminals | extension was successfully loaded.
[I 2025-11-27 09:26:32.798 LabApp] JupyterLab extension loaded from /mnt/hd1/projects/mestrado/.venv/lib/python3.13/site-packages/jupyterlab
[I 2025-11-27 09:26:32.798 LabApp] JupyterLab application directory is /mnt/hd1/projects/mestrado/.venv/share/jupyter/lab
[I 2025-11-27 09:26:32.799 LabApp] Extension Manager is 'pypi'.
[I 2025-11-27 09:26:32.860 ServerApp] jupyterlab | extension was successfully loaded.
[I 2025-11-27 09:26:32.861 ServerApp] Serving notebooks from local directory: /mnt/hd1/projects/mestrado
[I 2025-11-27 09:26:32.861 ServerApp] Jupyter Server 2.17.0 is running at:
[I 2025-11-27 09:26:32.861 ServerApp] http://localhost:8888/lab?token=cb46776ea0dfd7db00b0128b95de51e9f9a82453223a8198
[I 2025-11-27 09:26:32.861 ServerApp]     http://127.0.0.1:8888/lab?token=cb46776ea0dfd7db00b0128b95de51e9f9a82453223a8198
[I 2025-11-27 09:26:32.861 ServerApp] Use Control-C to stop this server and shut down all kernels (twice to skip confirmation).
[C 2025-11-27 09:26:32.946 ServerApp] 
    
    To access the server, open this file in a browser:
        file:///home/dbt/.local/share/jupyter/runtime/jpserver-5401-open.html
    Or copy and paste one of these URLs:
        http://localhost:8888/lab?token=cb46776ea0dfd7db00b0128b95de51e9f9a82453223a8198
        http://127.0.0.1:8888/lab?token=cb46776ea0dfd7db00b0128b95de51e9f9a82453223a8198
[I 2025-11-27 09:26:33.137 ServerApp] Skipped non-installed server(s): basedpyright, bash-language-server, dockerfile-language-server-nodejs, javascript-typescript-langserver, jedi-language-server, julia-language-server, pyrefly, pyright, python-language-server, python-lsp-server, r-languageserver, sql-language-server, texlab, typescript-language-server, unified-language-server, vscode-css-languageserver-bin, vscode-html-languageserver-bin, vscode-json-languageserver-bin, yaml-language-server
Abrindo em uma sessão de navegador existente.
[I 2025-11-27 09:26:35.724 LabApp] Build is up to date
[W 2025-11-27 09:26:36.569 ServerApp] Notebook notebooks/Untitled.ipynb is not trusted
[I 2025-11-27 09:26:36.931 ServerApp] Kernel started: 8496a40e-2187-4fb5-9c5c-63154a2ca853
[I 2025-11-27 09:26:36.941 ServerApp] Kernel started: 138e5395-441b-41a5-824c-da34f01a452e
[I 2025-11-27 09:26:37.884 ServerApp] Connecting to kernel 138e5395-441b-41a5-824c-da34f01a452e.
[W 2025-11-27 09:26:37.885 ServerApp] The websocket_ping_timeout (90000) cannot be longer than the websocket_ping_interval (30000).
    Setting websocket_ping_timeout=30000
[I 2025-11-27 09:26:37.888 ServerApp] Connecting to kernel 8496a40e-2187-4fb5-9c5c-63154a2ca853.
[I 2025-11-27 09:26:37.900 ServerApp] Connecting to kernel 138e5395-441b-41a5-824c-da34f01a452e.
[I 2025-11-27 09:26:37.916 ServerApp] Connecting to kernel 138e5395-441b-41a5-824c-da34f01a452e.
[I 2025-11-27 09:52:06.590 ServerApp] Starting buffering for 138e5395-441b-41a5-824c-da34f01a452e:8dd2fa5c-276c-4c9d-9198-bb63dd75c4c8
[I 2025-11-27 09:52:08.701 ServerApp] Starting buffering for 8496a40e-2187-4fb5-9c5c-63154a2ca853:cf31fae7-0d35-4576-80ff-f40ba9d2b244
[I 2025-11-27 09:52:16.106 ServerApp] Saving file at /main.py
[I 2025-11-27 09:52:22.124 ServerApp] Connecting to kernel 138e5395-441b-41a5-824c-da34f01a452e.
[I 2025-11-27 09:56:23.894 ServerApp] Saving file at /Untitled.ipynb
[I 2025-11-27 10:08:28.877 ServerApp] Saving file at /Untitled.ipynb
[W 2025-11-27 10:08:44.118 ServerApp] IOPub data rate exceeded.
    The Jupyter server will temporarily stop sending output
    to the client in order to avoid crashing it.
    To change this limit, set the config variable
    `--ServerApp.iopub_data_rate_limit`.
    
    Current values:
    ServerApp.iopub_data_rate_limit=1000000.0 (bytes/sec)
    ServerApp.rate_limit_window=3.0 (secs)
    
[I 2025-11-27 10:08:54.753 ServerApp] Saving file at /Untitled.ipynb
[I 2025-11-27 10:08:57.932 ServerApp] Starting buffering for 138e5395-441b-41a5-824c-da34f01a452e:d41a637f-c5d9-4430-9059-a22850c35503
[I 2025-11-27 10:08:58.657 ServerApp] Connecting to kernel 8496a40e-2187-4fb5-9c5c-63154a2ca853.
[I 2025-11-27 10:08:58.679 ServerApp] Connecting to kernel 138e5395-441b-41a5-824c-da34f01a452e.
[I 2025-11-27 10:08:58.916 ServerApp] Starting buffering for 8496a40e-2187-4fb5-9c5c-63154a2ca853:bb1707c6-1da8-4160-9269-a4678cbc34c5
[I 2025-11-27 10:08:58.935 ServerApp] Starting buffering for 138e5395-441b-41a5-824c-da34f01a452e:060a633d-75a7-4a8a-b9ab-837a5f3ed686
[I 2025-11-27 10:08:59.128 LabApp] Build is up to date
[I 2025-11-27 10:08:59.708 ServerApp] Connecting to kernel 138e5395-441b-41a5-824c-da34f01a452e.
[W 2025-11-27 10:09:04.941 ServerApp] IOPub data rate exceeded.
    The Jupyter server will temporarily stop sending output
    to the client in order to avoid crashing it.
    To change this limit, set the config variable
    `--ServerApp.iopub_data_rate_limit`.
    
    Current values:
    ServerApp.iopub_data_rate_limit=1000000.0 (bytes/sec)
    ServerApp.rate_limit_window=3.0 (secs)
    
[I 2025-11-27 10:10:59.557 ServerApp] Saving file at /Untitled.ipynb
[W 2025-11-27 10:18:56.167 ServerApp] 404 GET /api/contents/.venv/lib/python3.13/site-packages/langchain_core/tools/convert.py?content=0&hash=0&1764249536158 (88018ac180874c64926ff0679824cc90@::1) 1.56ms referer=http://localhost:8888/lab/tree/Untitled.ipynb
[I 2025-11-27 10:18:56.168 ServerApp] Refusing to serve hidden file or directory '/mnt/hd1/projects/mestrado/.venv/lib/python3.13/site-packages/langchain_core/tools/convert.py', via 404 Error
[E 2025-11-27 10:18:56.168 ServerApp] Uncaught exception GET /api/contents/.venv/lib/python3.13/site-packages/langchain_core/tools/convert.py?content=0&hash=0&1764249536158 (::1)
    HTTPServerRequest(protocol='http', host='localhost:8888', method='GET', uri='/api/contents/.venv/lib/python3.13/site-packages/langchain_core/tools/convert.py?content=0&hash=0&1764249536158', version='HTTP/1.1', remote_ip='::1')
    Traceback (most recent call last):
      File "/mnt/hd1/projects/mestrado/.venv/lib/python3.13/site-packages/jupyter_server/services/contents/handlers.py", line 156, in get
        model = await ensure_async(
                ^^^^^^^^^^^^^^^^^^^
        ...<7 lines>...
        )
        ^
      File "/mnt/hd1/projects/mestrado/.venv/lib/python3.13/site-packages/jupyter_core/utils/__init__.py", line 214, in ensure_async
        result = await obj
                 ^^^^^^^^^
      File "/mnt/hd1/projects/mestrado/.venv/lib/python3.13/site-packages/jupyter_server/services/contents/filemanager.py", line 928, in get
        model = await self._file_model(
                ^^^^^^^^^^^^^^^^^^^^^^^
            path, content=content, format=format, require_hash=require_hash
            ^^^^^^^^^^^^^^^^^^^^^^^^^^^^^^^^^^^^^^^^^^^^^^^^^^^^^^^^^^^^^^^
        )
        ^
      File "/mnt/hd1/projects/mestrado/.venv/lib/python3.13/site-packages/jupyter_server/services/contents/filemanager.py", line 829, in _file_model
        model = self._base_model(path)
      File "/mnt/hd1/projects/mestrado/.venv/lib/python3.13/site-packages/jupyter_server/services/contents/filemanager.py", line 237, in _base_model
        raise web.HTTPError(404, four_o_four)
    tornado.web.HTTPError: HTTP 404: Not Found (file or directory does not exist: '.venv/lib/python3.13/site-packages/langchain_core/tools/convert.py')
    
    During handling of the above exception, another exception occurred:
    
    Traceback (most recent call last):
      File "/mnt/hd1/projects/mestrado/.venv/lib/python3.13/site-packages/tornado/web.py", line 1848, in _execute
        result = await result
                 ^^^^^^^^^^^^
      File "/mnt/hd1/projects/mestrado/.venv/lib/python3.13/site-packages/jupyter_server/auth/decorator.py", line 73, in inner
        return await out
               ^^^^^^^^^
      File "/mnt/hd1/projects/mestrado/.venv/lib/python3.13/site-packages/jupyter_server/services/contents/handlers.py", line 182, in get
        await self._finish_error(
            HTTPStatus.NOT_FOUND, f"file or directory {path!r} does not exist"
        )
      File "/mnt/hd1/projects/mestrado/.venv/lib/python3.13/site-packages/jupyter_server/services/contents/handlers.py", line 114, in _finish_error
        self.write(message)
        ~~~~~~~~~~^^^^^^^^^
      File "/mnt/hd1/projects/mestrado/.venv/lib/python3.13/site-packages/tornado/web.py", line 964, in write
        raise RuntimeError("Cannot write() after finish()")
    RuntimeError: Cannot write() after finish()
[W 2025-11-27 10:18:56.218 ServerApp] 404 GET /api/contents/.venv/lib/python3.13/site-packages/langchain_core/tools/convert.py?content=0&hash=0&1764249536159 (88018ac180874c64926ff0679824cc90@::1) 1.74ms referer=http://localhost:8888/lab/tree/Untitled.ipynb
[I 2025-11-27 10:18:56.219 ServerApp] Refusing to serve hidden file or directory '/mnt/hd1/projects/mestrado/.venv/lib/python3.13/site-packages/langchain_core/tools/convert.py', via 404 Error
[E 2025-11-27 10:18:56.219 ServerApp] Uncaught exception GET /api/contents/.venv/lib/python3.13/site-packages/langchain_core/tools/convert.py?content=0&hash=0&1764249536159 (::1)
    HTTPServerRequest(protocol='http', host='localhost:8888', method='GET', uri='/api/contents/.venv/lib/python3.13/site-packages/langchain_core/tools/convert.py?content=0&hash=0&1764249536159', version='HTTP/1.1', remote_ip='::1')
    Traceback (most recent call last):
      File "/mnt/hd1/projects/mestrado/.venv/lib/python3.13/site-packages/jupyter_server/services/contents/handlers.py", line 156, in get
        model = await ensure_async(
                ^^^^^^^^^^^^^^^^^^^
        ...<7 lines>...
        )
        ^
      File "/mnt/hd1/projects/mestrado/.venv/lib/python3.13/site-packages/jupyter_core/utils/__init__.py", line 214, in ensure_async
        result = await obj
                 ^^^^^^^^^
      File "/mnt/hd1/projects/mestrado/.venv/lib/python3.13/site-packages/jupyter_server/services/contents/filemanager.py", line 928, in get
        model = await self._file_model(
                ^^^^^^^^^^^^^^^^^^^^^^^
            path, content=content, format=format, require_hash=require_hash
            ^^^^^^^^^^^^^^^^^^^^^^^^^^^^^^^^^^^^^^^^^^^^^^^^^^^^^^^^^^^^^^^
        )
        ^
      File "/mnt/hd1/projects/mestrado/.venv/lib/python3.13/site-packages/jupyter_server/services/contents/filemanager.py", line 829, in _file_model
        model = self._base_model(path)
      File "/mnt/hd1/projects/mestrado/.venv/lib/python3.13/site-packages/jupyter_server/services/contents/filemanager.py", line 237, in _base_model
        raise web.HTTPError(404, four_o_four)
    tornado.web.HTTPError: HTTP 404: Not Found (file or directory does not exist: '.venv/lib/python3.13/site-packages/langchain_core/tools/convert.py')
    
    During handling of the above exception, another exception occurred:
    
    Traceback (most recent call last):
      File "/mnt/hd1/projects/mestrado/.venv/lib/python3.13/site-packages/tornado/web.py", line 1848, in _execute
        result = await result
                 ^^^^^^^^^^^^
      File "/mnt/hd1/projects/mestrado/.venv/lib/python3.13/site-packages/jupyter_server/auth/decorator.py", line 73, in inner
        return await out
               ^^^^^^^^^
      File "/mnt/hd1/projects/mestrado/.venv/lib/python3.13/site-packages/jupyter_server/services/contents/handlers.py", line 182, in get
        await self._finish_error(
            HTTPStatus.NOT_FOUND, f"file or directory {path!r} does not exist"
        )
      File "/mnt/hd1/projects/mestrado/.venv/lib/python3.13/site-packages/jupyter_server/services/contents/handlers.py", line 114, in _finish_error
        self.write(message)
        ~~~~~~~~~~^^^^^^^^^
      File "/mnt/hd1/projects/mestrado/.venv/lib/python3.13/site-packages/tornado/web.py", line 964, in write
        raise RuntimeError("Cannot write() after finish()")
    RuntimeError: Cannot write() after finish()
[W 2025-11-27 10:18:56.222 ServerApp] 404 GET /api/contents/.venv/lib/python3.13/site-packages/langchain_core/tools/structured.py?content=0&hash=0&1764249536160 (88018ac180874c64926ff0679824cc90@::1) 5.12ms referer=http://localhost:8888/lab/tree/Untitled.ipynb
[I 2025-11-27 10:18:56.223 ServerApp] Refusing to serve hidden file or directory '/mnt/hd1/projects/mestrado/.venv/lib/python3.13/site-packages/langchain_core/tools/structured.py', via 404 Error
[E 2025-11-27 10:18:56.223 ServerApp] Uncaught exception GET /api/contents/.venv/lib/python3.13/site-packages/langchain_core/tools/structured.py?content=0&hash=0&1764249536160 (::1)
    HTTPServerRequest(protocol='http', host='localhost:8888', method='GET', uri='/api/contents/.venv/lib/python3.13/site-packages/langchain_core/tools/structured.py?content=0&hash=0&1764249536160', version='HTTP/1.1', remote_ip='::1')
    Traceback (most recent call last):
      File "/mnt/hd1/projects/mestrado/.venv/lib/python3.13/site-packages/jupyter_server/services/contents/handlers.py", line 156, in get
        model = await ensure_async(
                ^^^^^^^^^^^^^^^^^^^
        ...<7 lines>...
        )
        ^
      File "/mnt/hd1/projects/mestrado/.venv/lib/python3.13/site-packages/jupyter_core/utils/__init__.py", line 214, in ensure_async
        result = await obj
                 ^^^^^^^^^
      File "/mnt/hd1/projects/mestrado/.venv/lib/python3.13/site-packages/jupyter_server/services/contents/filemanager.py", line 928, in get
        model = await self._file_model(
                ^^^^^^^^^^^^^^^^^^^^^^^
            path, content=content, format=format, require_hash=require_hash
            ^^^^^^^^^^^^^^^^^^^^^^^^^^^^^^^^^^^^^^^^^^^^^^^^^^^^^^^^^^^^^^^
        )
        ^
      File "/mnt/hd1/projects/mestrado/.venv/lib/python3.13/site-packages/jupyter_server/services/contents/filemanager.py", line 829, in _file_model
        model = self._base_model(path)
      File "/mnt/hd1/projects/mestrado/.venv/lib/python3.13/site-packages/jupyter_server/services/contents/filemanager.py", line 237, in _base_model
        raise web.HTTPError(404, four_o_four)
    tornado.web.HTTPError: HTTP 404: Not Found (file or directory does not exist: '.venv/lib/python3.13/site-packages/langchain_core/tools/structured.py')
    
    During handling of the above exception, another exception occurred:
    
    Traceback (most recent call last):
      File "/mnt/hd1/projects/mestrado/.venv/lib/python3.13/site-packages/tornado/web.py", line 1848, in _execute
        result = await result
                 ^^^^^^^^^^^^
      File "/mnt/hd1/projects/mestrado/.venv/lib/python3.13/site-packages/jupyter_server/auth/decorator.py", line 73, in inner
        return await out
               ^^^^^^^^^
      File "/mnt/hd1/projects/mestrado/.venv/lib/python3.13/site-packages/jupyter_server/services/contents/handlers.py", line 182, in get
        await self._finish_error(
            HTTPStatus.NOT_FOUND, f"file or directory {path!r} does not exist"
        )
      File "/mnt/hd1/projects/mestrado/.venv/lib/python3.13/site-packages/jupyter_server/services/contents/handlers.py", line 114, in _finish_error
        self.write(message)
        ~~~~~~~~~~^^^^^^^^^
      File "/mnt/hd1/projects/mestrado/.venv/lib/python3.13/site-packages/tornado/web.py", line 964, in write
        raise RuntimeError("Cannot write() after finish()")
    RuntimeError: Cannot write() after finish()
[I 2025-11-27 10:19:00.017 ServerApp] Saving file at /Untitled.ipynb
[I 2025-11-27 10:21:00.879 ServerApp] Saving file at /Untitled.ipynb
[I 2025-11-27 10:23:02.848 ServerApp] Saving file at /Untitled.ipynb
[I 2025-11-27 10:23:19.378 ServerApp] Kernel restarted: 138e5395-441b-41a5-824c-da34f01a452e
[I 2025-11-27 10:23:19.386 ServerApp] Starting buffering for 138e5395-441b-41a5-824c-da34f01a452e:2beaf8b3-24b0-49c2-ab26-18bae60e7e65
[I 2025-11-27 10:23:19.394 ServerApp] Connecting to kernel 138e5395-441b-41a5-824c-da34f01a452e.
[I 2025-11-27 10:23:19.394 ServerApp] Restoring connection for 138e5395-441b-41a5-824c-da34f01a452e:2beaf8b3-24b0-49c2-ab26-18bae60e7e65
[I 2025-11-27 10:25:03.061 ServerApp] Saving file at /Untitled.ipynb
[I 2025-11-27 10:40:13.188 ServerApp] Saving file at /Untitled.ipynb
[I 2025-11-27 13:20:01.896 ServerApp] Saving file at /Untitled.ipynb
[I 2025-11-27 13:26:05.874 ServerApp] Saving file at /Untitled.ipynb
[I 2025-11-27 13:32:08.899 ServerApp] Saving file at /Untitled.ipynb
[I 2025-11-27 13:34:10.877 ServerApp] Saving file at /Untitled.ipynb
[I 2025-11-27 13:36:11.797 ServerApp] Saving file at /Untitled.ipynb
[I 2025-11-27 13:38:06.658 ServerApp] Saving file at /Untitled.ipynb
[I 2025-11-27 13:40:08.932 ServerApp] Saving file at /Untitled.ipynb
[I 2025-11-27 13:42:10.929 ServerApp] Saving file at /Untitled.ipynb
[W 2025-11-27 13:42:50.442 ServerApp] 404 GET /api/contents/.venv/lib/python3.13/site-packages/langchain/agents/factory.py?content=0&hash=0&1764261770436 (88018ac180874c64926ff0679824cc90@::1) 1.06ms referer=http://localhost:8888/lab/tree/Untitled.ipynb
[I 2025-11-27 13:42:50.442 ServerApp] Refusing to serve hidden file or directory '/mnt/hd1/projects/mestrado/.venv/lib/python3.13/site-packages/langchain/agents/factory.py', via 404 Error
[E 2025-11-27 13:42:50.442 ServerApp] Uncaught exception GET /api/contents/.venv/lib/python3.13/site-packages/langchain/agents/factory.py?content=0&hash=0&1764261770436 (::1)
    HTTPServerRequest(protocol='http', host='localhost:8888', method='GET', uri='/api/contents/.venv/lib/python3.13/site-packages/langchain/agents/factory.py?content=0&hash=0&1764261770436', version='HTTP/1.1', remote_ip='::1')
    Traceback (most recent call last):
      File "/mnt/hd1/projects/mestrado/.venv/lib/python3.13/site-packages/jupyter_server/services/contents/handlers.py", line 156, in get
        model = await ensure_async(
                ^^^^^^^^^^^^^^^^^^^
        ...<7 lines>...
        )
        ^
      File "/mnt/hd1/projects/mestrado/.venv/lib/python3.13/site-packages/jupyter_core/utils/__init__.py", line 214, in ensure_async
        result = await obj
                 ^^^^^^^^^
      File "/mnt/hd1/projects/mestrado/.venv/lib/python3.13/site-packages/jupyter_server/services/contents/filemanager.py", line 928, in get
        model = await self._file_model(
                ^^^^^^^^^^^^^^^^^^^^^^^
            path, content=content, format=format, require_hash=require_hash
            ^^^^^^^^^^^^^^^^^^^^^^^^^^^^^^^^^^^^^^^^^^^^^^^^^^^^^^^^^^^^^^^
        )
        ^
      File "/mnt/hd1/projects/mestrado/.venv/lib/python3.13/site-packages/jupyter_server/services/contents/filemanager.py", line 829, in _file_model
        model = self._base_model(path)
      File "/mnt/hd1/projects/mestrado/.venv/lib/python3.13/site-packages/jupyter_server/services/contents/filemanager.py", line 237, in _base_model
        raise web.HTTPError(404, four_o_four)
    tornado.web.HTTPError: HTTP 404: Not Found (file or directory does not exist: '.venv/lib/python3.13/site-packages/langchain/agents/factory.py')
    
    During handling of the above exception, another exception occurred:
    
    Traceback (most recent call last):
      File "/mnt/hd1/projects/mestrado/.venv/lib/python3.13/site-packages/tornado/web.py", line 1848, in _execute
        result = await result
                 ^^^^^^^^^^^^
      File "/mnt/hd1/projects/mestrado/.venv/lib/python3.13/site-packages/jupyter_server/auth/decorator.py", line 73, in inner
        return await out
               ^^^^^^^^^
      File "/mnt/hd1/projects/mestrado/.venv/lib/python3.13/site-packages/jupyter_server/services/contents/handlers.py", line 182, in get
        await self._finish_error(
            HTTPStatus.NOT_FOUND, f"file or directory {path!r} does not exist"
        )
      File "/mnt/hd1/projects/mestrado/.venv/lib/python3.13/site-packages/jupyter_server/services/contents/handlers.py", line 114, in _finish_error
        self.write(message)
        ~~~~~~~~~~^^^^^^^^^
      File "/mnt/hd1/projects/mestrado/.venv/lib/python3.13/site-packages/tornado/web.py", line 964, in write
        raise RuntimeError("Cannot write() after finish()")
    RuntimeError: Cannot write() after finish()
[W 2025-11-27 13:42:50.446 ServerApp] 404 GET /api/contents/.venv/lib/python3.13/site-packages/langgraph/prebuilt/tool_node.py?content=0&hash=0&1764261770437 (88018ac180874c64926ff0679824cc90@::1) 1.00ms referer=http://localhost:8888/lab/tree/Untitled.ipynb
[I 2025-11-27 13:42:50.446 ServerApp] Refusing to serve hidden file or directory '/mnt/hd1/projects/mestrado/.venv/lib/python3.13/site-packages/langgraph/prebuilt/tool_node.py', via 404 Error
[E 2025-11-27 13:42:50.446 ServerApp] Uncaught exception GET /api/contents/.venv/lib/python3.13/site-packages/langgraph/prebuilt/tool_node.py?content=0&hash=0&1764261770437 (::1)
    HTTPServerRequest(protocol='http', host='localhost:8888', method='GET', uri='/api/contents/.venv/lib/python3.13/site-packages/langgraph/prebuilt/tool_node.py?content=0&hash=0&1764261770437', version='HTTP/1.1', remote_ip='::1')
    Traceback (most recent call last):
      File "/mnt/hd1/projects/mestrado/.venv/lib/python3.13/site-packages/jupyter_server/services/contents/handlers.py", line 156, in get
        model = await ensure_async(
                ^^^^^^^^^^^^^^^^^^^
        ...<7 lines>...
        )
        ^
      File "/mnt/hd1/projects/mestrado/.venv/lib/python3.13/site-packages/jupyter_core/utils/__init__.py", line 214, in ensure_async
        result = await obj
                 ^^^^^^^^^
      File "/mnt/hd1/projects/mestrado/.venv/lib/python3.13/site-packages/jupyter_server/services/contents/filemanager.py", line 928, in get
        model = await self._file_model(
                ^^^^^^^^^^^^^^^^^^^^^^^
            path, content=content, format=format, require_hash=require_hash
            ^^^^^^^^^^^^^^^^^^^^^^^^^^^^^^^^^^^^^^^^^^^^^^^^^^^^^^^^^^^^^^^
        )
        ^
      File "/mnt/hd1/projects/mestrado/.venv/lib/python3.13/site-packages/jupyter_server/services/contents/filemanager.py", line 829, in _file_model
        model = self._base_model(path)
      File "/mnt/hd1/projects/mestrado/.venv/lib/python3.13/site-packages/jupyter_server/services/contents/filemanager.py", line 237, in _base_model
        raise web.HTTPError(404, four_o_four)
    tornado.web.HTTPError: HTTP 404: Not Found (file or directory does not exist: '.venv/lib/python3.13/site-packages/langgraph/prebuilt/tool_node.py')
    
    During handling of the above exception, another exception occurred:
    
    Traceback (most recent call last):
      File "/mnt/hd1/projects/mestrado/.venv/lib/python3.13/site-packages/tornado/web.py", line 1848, in _execute
        result = await result
                 ^^^^^^^^^^^^
      File "/mnt/hd1/projects/mestrado/.venv/lib/python3.13/site-packages/jupyter_server/auth/decorator.py", line 73, in inner
        return await out
               ^^^^^^^^^
      File "/mnt/hd1/projects/mestrado/.venv/lib/python3.13/site-packages/jupyter_server/services/contents/handlers.py", line 182, in get
        await self._finish_error(
            HTTPStatus.NOT_FOUND, f"file or directory {path!r} does not exist"
        )
      File "/mnt/hd1/projects/mestrado/.venv/lib/python3.13/site-packages/jupyter_server/services/contents/handlers.py", line 114, in _finish_error
        self.write(message)
        ~~~~~~~~~~^^^^^^^^^
      File "/mnt/hd1/projects/mestrado/.venv/lib/python3.13/site-packages/tornado/web.py", line 964, in write
        raise RuntimeError("Cannot write() after finish()")
    RuntimeError: Cannot write() after finish()
[W 2025-11-27 13:42:50.449 ServerApp] 404 GET /api/contents/.venv/lib/python3.13/site-packages/langchain_core/tools/convert.py?content=0&hash=0&1764261770438 (88018ac180874c64926ff0679824cc90@::1) 0.98ms referer=http://localhost:8888/lab/tree/Untitled.ipynb
[I 2025-11-27 13:42:50.450 ServerApp] Refusing to serve hidden file or directory '/mnt/hd1/projects/mestrado/.venv/lib/python3.13/site-packages/langchain_core/tools/convert.py', via 404 Error
[E 2025-11-27 13:42:50.450 ServerApp] Uncaught exception GET /api/contents/.venv/lib/python3.13/site-packages/langchain_core/tools/convert.py?content=0&hash=0&1764261770438 (::1)
    HTTPServerRequest(protocol='http', host='localhost:8888', method='GET', uri='/api/contents/.venv/lib/python3.13/site-packages/langchain_core/tools/convert.py?content=0&hash=0&1764261770438', version='HTTP/1.1', remote_ip='::1')
    Traceback (most recent call last):
      File "/mnt/hd1/projects/mestrado/.venv/lib/python3.13/site-packages/jupyter_server/services/contents/handlers.py", line 156, in get
        model = await ensure_async(
                ^^^^^^^^^^^^^^^^^^^
        ...<7 lines>...
        )
        ^
      File "/mnt/hd1/projects/mestrado/.venv/lib/python3.13/site-packages/jupyter_core/utils/__init__.py", line 214, in ensure_async
        result = await obj
                 ^^^^^^^^^
      File "/mnt/hd1/projects/mestrado/.venv/lib/python3.13/site-packages/jupyter_server/services/contents/filemanager.py", line 928, in get
        model = await self._file_model(
                ^^^^^^^^^^^^^^^^^^^^^^^
            path, content=content, format=format, require_hash=require_hash
            ^^^^^^^^^^^^^^^^^^^^^^^^^^^^^^^^^^^^^^^^^^^^^^^^^^^^^^^^^^^^^^^
        )
        ^
      File "/mnt/hd1/projects/mestrado/.venv/lib/python3.13/site-packages/jupyter_server/services/contents/filemanager.py", line 829, in _file_model
        model = self._base_model(path)
      File "/mnt/hd1/projects/mestrado/.venv/lib/python3.13/site-packages/jupyter_server/services/contents/filemanager.py", line 237, in _base_model
        raise web.HTTPError(404, four_o_four)
    tornado.web.HTTPError: HTTP 404: Not Found (file or directory does not exist: '.venv/lib/python3.13/site-packages/langchain_core/tools/convert.py')
    
    During handling of the above exception, another exception occurred:
    
    Traceback (most recent call last):
      File "/mnt/hd1/projects/mestrado/.venv/lib/python3.13/site-packages/tornado/web.py", line 1848, in _execute
        result = await result
                 ^^^^^^^^^^^^
      File "/mnt/hd1/projects/mestrado/.venv/lib/python3.13/site-packages/jupyter_server/auth/decorator.py", line 73, in inner
        return await out
               ^^^^^^^^^
      File "/mnt/hd1/projects/mestrado/.venv/lib/python3.13/site-packages/jupyter_server/services/contents/handlers.py", line 182, in get
        await self._finish_error(
            HTTPStatus.NOT_FOUND, f"file or directory {path!r} does not exist"
        )
      File "/mnt/hd1/projects/mestrado/.venv/lib/python3.13/site-packages/jupyter_server/services/contents/handlers.py", line 114, in _finish_error
        self.write(message)
        ~~~~~~~~~~^^^^^^^^^
      File "/mnt/hd1/projects/mestrado/.venv/lib/python3.13/site-packages/tornado/web.py", line 964, in write
        raise RuntimeError("Cannot write() after finish()")
    RuntimeError: Cannot write() after finish()
[W 2025-11-27 13:43:27.958 ServerApp] 404 GET /api/contents/.venv/lib/python3.13/site-packages/langchain/agents/factory.py?content=0&hash=0&1764261807953 (88018ac180874c64926ff0679824cc90@::1) 1.22ms referer=http://localhost:8888/lab/tree/Untitled.ipynb
[I 2025-11-27 13:43:27.959 ServerApp] Refusing to serve hidden file or directory '/mnt/hd1/projects/mestrado/.venv/lib/python3.13/site-packages/langchain/agents/factory.py', via 404 Error
[E 2025-11-27 13:43:27.959 ServerApp] Uncaught exception GET /api/contents/.venv/lib/python3.13/site-packages/langchain/agents/factory.py?content=0&hash=0&1764261807953 (::1)
    HTTPServerRequest(protocol='http', host='localhost:8888', method='GET', uri='/api/contents/.venv/lib/python3.13/site-packages/langchain/agents/factory.py?content=0&hash=0&1764261807953', version='HTTP/1.1', remote_ip='::1')
    Traceback (most recent call last):
      File "/mnt/hd1/projects/mestrado/.venv/lib/python3.13/site-packages/jupyter_server/services/contents/handlers.py", line 156, in get
        model = await ensure_async(
                ^^^^^^^^^^^^^^^^^^^
        ...<7 lines>...
        )
        ^
      File "/mnt/hd1/projects/mestrado/.venv/lib/python3.13/site-packages/jupyter_core/utils/__init__.py", line 214, in ensure_async
        result = await obj
                 ^^^^^^^^^
      File "/mnt/hd1/projects/mestrado/.venv/lib/python3.13/site-packages/jupyter_server/services/contents/filemanager.py", line 928, in get
        model = await self._file_model(
                ^^^^^^^^^^^^^^^^^^^^^^^
            path, content=content, format=format, require_hash=require_hash
            ^^^^^^^^^^^^^^^^^^^^^^^^^^^^^^^^^^^^^^^^^^^^^^^^^^^^^^^^^^^^^^^
        )
        ^
      File "/mnt/hd1/projects/mestrado/.venv/lib/python3.13/site-packages/jupyter_server/services/contents/filemanager.py", line 829, in _file_model
        model = self._base_model(path)
      File "/mnt/hd1/projects/mestrado/.venv/lib/python3.13/site-packages/jupyter_server/services/contents/filemanager.py", line 237, in _base_model
        raise web.HTTPError(404, four_o_four)
    tornado.web.HTTPError: HTTP 404: Not Found (file or directory does not exist: '.venv/lib/python3.13/site-packages/langchain/agents/factory.py')
    
    During handling of the above exception, another exception occurred:
    
    Traceback (most recent call last):
      File "/mnt/hd1/projects/mestrado/.venv/lib/python3.13/site-packages/tornado/web.py", line 1848, in _execute
        result = await result
                 ^^^^^^^^^^^^
      File "/mnt/hd1/projects/mestrado/.venv/lib/python3.13/site-packages/jupyter_server/auth/decorator.py", line 73, in inner
        return await out
               ^^^^^^^^^
      File "/mnt/hd1/projects/mestrado/.venv/lib/python3.13/site-packages/jupyter_server/services/contents/handlers.py", line 182, in get
        await self._finish_error(
            HTTPStatus.NOT_FOUND, f"file or directory {path!r} does not exist"
        )
      File "/mnt/hd1/projects/mestrado/.venv/lib/python3.13/site-packages/jupyter_server/services/contents/handlers.py", line 114, in _finish_error
        self.write(message)
        ~~~~~~~~~~^^^^^^^^^
      File "/mnt/hd1/projects/mestrado/.venv/lib/python3.13/site-packages/tornado/web.py", line 964, in write
        raise RuntimeError("Cannot write() after finish()")
    RuntimeError: Cannot write() after finish()
[I 2025-11-27 13:44:00.726 ServerApp] Saving file at /Untitled.ipynb
[I 2025-11-27 13:46:00.878 ServerApp] Saving file at /Untitled.ipynb
[I 2025-11-27 13:48:02.870 ServerApp] Saving file at /Untitled.ipynb
[W 2025-11-27 13:48:23.196 ServerApp] 404 GET /api/contents/.venv/lib/python3.13/site-packages/langchain_community/document_loaders/csv_loader.py?content=0&hash=0&1764262103190 (88018ac180874c64926ff0679824cc90@::1) 1.56ms referer=http://localhost:8888/lab/tree/Untitled.ipynb
[I 2025-11-27 13:48:23.196 ServerApp] Refusing to serve hidden file or directory '/mnt/hd1/projects/mestrado/.venv/lib/python3.13/site-packages/langchain_community/document_loaders/csv_loader.py', via 404 Error
[E 2025-11-27 13:48:23.197 ServerApp] Uncaught exception GET /api/contents/.venv/lib/python3.13/site-packages/langchain_community/document_loaders/csv_loader.py?content=0&hash=0&1764262103190 (::1)
    HTTPServerRequest(protocol='http', host='localhost:8888', method='GET', uri='/api/contents/.venv/lib/python3.13/site-packages/langchain_community/document_loaders/csv_loader.py?content=0&hash=0&1764262103190', version='HTTP/1.1', remote_ip='::1')
    Traceback (most recent call last):
      File "/mnt/hd1/projects/mestrado/.venv/lib/python3.13/site-packages/jupyter_server/services/contents/handlers.py", line 156, in get
        model = await ensure_async(
                ^^^^^^^^^^^^^^^^^^^
        ...<7 lines>...
        )
        ^
      File "/mnt/hd1/projects/mestrado/.venv/lib/python3.13/site-packages/jupyter_core/utils/__init__.py", line 214, in ensure_async
        result = await obj
                 ^^^^^^^^^
      File "/mnt/hd1/projects/mestrado/.venv/lib/python3.13/site-packages/jupyter_server/services/contents/filemanager.py", line 928, in get
        model = await self._file_model(
                ^^^^^^^^^^^^^^^^^^^^^^^
            path, content=content, format=format, require_hash=require_hash
            ^^^^^^^^^^^^^^^^^^^^^^^^^^^^^^^^^^^^^^^^^^^^^^^^^^^^^^^^^^^^^^^
        )
        ^
      File "/mnt/hd1/projects/mestrado/.venv/lib/python3.13/site-packages/jupyter_server/services/contents/filemanager.py", line 829, in _file_model
        model = self._base_model(path)
      File "/mnt/hd1/projects/mestrado/.venv/lib/python3.13/site-packages/jupyter_server/services/contents/filemanager.py", line 237, in _base_model
        raise web.HTTPError(404, four_o_four)
    tornado.web.HTTPError: HTTP 404: Not Found (file or directory does not exist: '.venv/lib/python3.13/site-packages/langchain_community/document_loaders/csv_loader.py')
    
    During handling of the above exception, another exception occurred:
    
    Traceback (most recent call last):
      File "/mnt/hd1/projects/mestrado/.venv/lib/python3.13/site-packages/tornado/web.py", line 1848, in _execute
        result = await result
                 ^^^^^^^^^^^^
      File "/mnt/hd1/projects/mestrado/.venv/lib/python3.13/site-packages/jupyter_server/auth/decorator.py", line 73, in inner
        return await out
               ^^^^^^^^^
      File "/mnt/hd1/projects/mestrado/.venv/lib/python3.13/site-packages/jupyter_server/services/contents/handlers.py", line 182, in get
        await self._finish_error(
            HTTPStatus.NOT_FOUND, f"file or directory {path!r} does not exist"
        )
      File "/mnt/hd1/projects/mestrado/.venv/lib/python3.13/site-packages/jupyter_server/services/contents/handlers.py", line 114, in _finish_error
        self.write(message)
        ~~~~~~~~~~^^^^^^^^^
      File "/mnt/hd1/projects/mestrado/.venv/lib/python3.13/site-packages/tornado/web.py", line 964, in write
        raise RuntimeError("Cannot write() after finish()")
    RuntimeError: Cannot write() after finish()
[W 2025-11-27 13:48:23.203 ServerApp] 404 GET /api/contents/.venv/lib/python3.13/site-packages/langgraph/pregel/_retry.py?content=0&hash=0&1764262103193 (88018ac180874c64926ff0679824cc90@::1) 2.07ms referer=http://localhost:8888/lab/tree/Untitled.ipynb
[I 2025-11-27 13:48:23.204 ServerApp] Refusing to serve hidden file or directory '/mnt/hd1/projects/mestrado/.venv/lib/python3.13/site-packages/langgraph/pregel/_retry.py', via 404 Error
[E 2025-11-27 13:48:23.204 ServerApp] Uncaught exception GET /api/contents/.venv/lib/python3.13/site-packages/langgraph/pregel/_retry.py?content=0&hash=0&1764262103193 (::1)
    HTTPServerRequest(protocol='http', host='localhost:8888', method='GET', uri='/api/contents/.venv/lib/python3.13/site-packages/langgraph/pregel/_retry.py?content=0&hash=0&1764262103193', version='HTTP/1.1', remote_ip='::1')
    Traceback (most recent call last):
      File "/mnt/hd1/projects/mestrado/.venv/lib/python3.13/site-packages/jupyter_server/services/contents/handlers.py", line 156, in get
        model = await ensure_async(
                ^^^^^^^^^^^^^^^^^^^
        ...<7 lines>...
        )
        ^
      File "/mnt/hd1/projects/mestrado/.venv/lib/python3.13/site-packages/jupyter_core/utils/__init__.py", line 214, in ensure_async
        result = await obj
                 ^^^^^^^^^
      File "/mnt/hd1/projects/mestrado/.venv/lib/python3.13/site-packages/jupyter_server/services/contents/filemanager.py", line 928, in get
        model = await self._file_model(
                ^^^^^^^^^^^^^^^^^^^^^^^
            path, content=content, format=format, require_hash=require_hash
            ^^^^^^^^^^^^^^^^^^^^^^^^^^^^^^^^^^^^^^^^^^^^^^^^^^^^^^^^^^^^^^^
        )
        ^
      File "/mnt/hd1/projects/mestrado/.venv/lib/python3.13/site-packages/jupyter_server/services/contents/filemanager.py", line 829, in _file_model
        model = self._base_model(path)
      File "/mnt/hd1/projects/mestrado/.venv/lib/python3.13/site-packages/jupyter_server/services/contents/filemanager.py", line 237, in _base_model
        raise web.HTTPError(404, four_o_four)
    tornado.web.HTTPError: HTTP 404: Not Found (file or directory does not exist: '.venv/lib/python3.13/site-packages/langgraph/pregel/_retry.py')
    
    During handling of the above exception, another exception occurred:
    
    Traceback (most recent call last):
      File "/mnt/hd1/projects/mestrado/.venv/lib/python3.13/site-packages/tornado/web.py", line 1848, in _execute
        result = await result
                 ^^^^^^^^^^^^
      File "/mnt/hd1/projects/mestrado/.venv/lib/python3.13/site-packages/jupyter_server/auth/decorator.py", line 73, in inner
        return await out
               ^^^^^^^^^
      File "/mnt/hd1/projects/mestrado/.venv/lib/python3.13/site-packages/jupyter_server/services/contents/handlers.py", line 182, in get
        await self._finish_error(
            HTTPStatus.NOT_FOUND, f"file or directory {path!r} does not exist"
        )
      File "/mnt/hd1/projects/mestrado/.venv/lib/python3.13/site-packages/jupyter_server/services/contents/handlers.py", line 114, in _finish_error
        self.write(message)
        ~~~~~~~~~~^^^^^^^^^
      File "/mnt/hd1/projects/mestrado/.venv/lib/python3.13/site-packages/tornado/web.py", line 964, in write
        raise RuntimeError("Cannot write() after finish()")
    RuntimeError: Cannot write() after finish()
[W 2025-11-27 13:48:23.207 ServerApp] 404 GET /api/contents/.venv/lib/python3.13/site-packages/langgraph/_internal/_runnable.py?content=0&hash=0&1764262103194 (88018ac180874c64926ff0679824cc90@::1) 5.21ms referer=http://localhost:8888/lab/tree/Untitled.ipynb
[I 2025-11-27 13:48:23.208 ServerApp] Refusing to serve hidden file or directory '/mnt/hd1/projects/mestrado/.venv/lib/python3.13/site-packages/langgraph/_internal/_runnable.py', via 404 Error
[E 2025-11-27 13:48:23.208 ServerApp] Uncaught exception GET /api/contents/.venv/lib/python3.13/site-packages/langgraph/_internal/_runnable.py?content=0&hash=0&1764262103194 (::1)
    HTTPServerRequest(protocol='http', host='localhost:8888', method='GET', uri='/api/contents/.venv/lib/python3.13/site-packages/langgraph/_internal/_runnable.py?content=0&hash=0&1764262103194', version='HTTP/1.1', remote_ip='::1')
    Traceback (most recent call last):
      File "/mnt/hd1/projects/mestrado/.venv/lib/python3.13/site-packages/jupyter_server/services/contents/handlers.py", line 156, in get
        model = await ensure_async(
                ^^^^^^^^^^^^^^^^^^^
        ...<7 lines>...
        )
        ^
      File "/mnt/hd1/projects/mestrado/.venv/lib/python3.13/site-packages/jupyter_core/utils/__init__.py", line 214, in ensure_async
        result = await obj
                 ^^^^^^^^^
      File "/mnt/hd1/projects/mestrado/.venv/lib/python3.13/site-packages/jupyter_server/services/contents/filemanager.py", line 928, in get
        model = await self._file_model(
                ^^^^^^^^^^^^^^^^^^^^^^^
            path, content=content, format=format, require_hash=require_hash
            ^^^^^^^^^^^^^^^^^^^^^^^^^^^^^^^^^^^^^^^^^^^^^^^^^^^^^^^^^^^^^^^
        )
        ^
      File "/mnt/hd1/projects/mestrado/.venv/lib/python3.13/site-packages/jupyter_server/services/contents/filemanager.py", line 829, in _file_model
        model = self._base_model(path)
      File "/mnt/hd1/projects/mestrado/.venv/lib/python3.13/site-packages/jupyter_server/services/contents/filemanager.py", line 237, in _base_model
        raise web.HTTPError(404, four_o_four)
    tornado.web.HTTPError: HTTP 404: Not Found (file or directory does not exist: '.venv/lib/python3.13/site-packages/langgraph/_internal/_runnable.py')
    
    During handling of the above exception, another exception occurred:
    
    Traceback (most recent call last):
      File "/mnt/hd1/projects/mestrado/.venv/lib/python3.13/site-packages/tornado/web.py", line 1848, in _execute
        result = await result
                 ^^^^^^^^^^^^
      File "/mnt/hd1/projects/mestrado/.venv/lib/python3.13/site-packages/jupyter_server/auth/decorator.py", line 73, in inner
        return await out
               ^^^^^^^^^
      File "/mnt/hd1/projects/mestrado/.venv/lib/python3.13/site-packages/jupyter_server/services/contents/handlers.py", line 182, in get
        await self._finish_error(
            HTTPStatus.NOT_FOUND, f"file or directory {path!r} does not exist"
        )
      File "/mnt/hd1/projects/mestrado/.venv/lib/python3.13/site-packages/jupyter_server/services/contents/handlers.py", line 114, in _finish_error
        self.write(message)
        ~~~~~~~~~~^^^^^^^^^
      File "/mnt/hd1/projects/mestrado/.venv/lib/python3.13/site-packages/tornado/web.py", line 964, in write
        raise RuntimeError("Cannot write() after finish()")
    RuntimeError: Cannot write() after finish()
[W 2025-11-27 13:48:23.211 ServerApp] 404 GET /api/contents/.venv/lib/python3.13/site-packages/langgraph/pregel/main.py?content=0&hash=0&1764262103191 (88018ac180874c64926ff0679824cc90@::1) 4.58ms referer=http://localhost:8888/lab/tree/Untitled.ipynb
[I 2025-11-27 13:48:23.211 ServerApp] Refusing to serve hidden file or directory '/mnt/hd1/projects/mestrado/.venv/lib/python3.13/site-packages/langgraph/pregel/main.py', via 404 Error
[E 2025-11-27 13:48:23.211 ServerApp] Uncaught exception GET /api/contents/.venv/lib/python3.13/site-packages/langgraph/pregel/main.py?content=0&hash=0&1764262103191 (::1)
    HTTPServerRequest(protocol='http', host='localhost:8888', method='GET', uri='/api/contents/.venv/lib/python3.13/site-packages/langgraph/pregel/main.py?content=0&hash=0&1764262103191', version='HTTP/1.1', remote_ip='::1')
    Traceback (most recent call last):
      File "/mnt/hd1/projects/mestrado/.venv/lib/python3.13/site-packages/jupyter_server/services/contents/handlers.py", line 156, in get
        model = await ensure_async(
                ^^^^^^^^^^^^^^^^^^^
        ...<7 lines>...
        )
        ^
      File "/mnt/hd1/projects/mestrado/.venv/lib/python3.13/site-packages/jupyter_core/utils/__init__.py", line 214, in ensure_async
        result = await obj
                 ^^^^^^^^^
      File "/mnt/hd1/projects/mestrado/.venv/lib/python3.13/site-packages/jupyter_server/services/contents/filemanager.py", line 928, in get
        model = await self._file_model(
                ^^^^^^^^^^^^^^^^^^^^^^^
            path, content=content, format=format, require_hash=require_hash
            ^^^^^^^^^^^^^^^^^^^^^^^^^^^^^^^^^^^^^^^^^^^^^^^^^^^^^^^^^^^^^^^
        )
        ^
      File "/mnt/hd1/projects/mestrado/.venv/lib/python3.13/site-packages/jupyter_server/services/contents/filemanager.py", line 829, in _file_model
        model = self._base_model(path)
      File "/mnt/hd1/projects/mestrado/.venv/lib/python3.13/site-packages/jupyter_server/services/contents/filemanager.py", line 237, in _base_model
        raise web.HTTPError(404, four_o_four)
    tornado.web.HTTPError: HTTP 404: Not Found (file or directory does not exist: '.venv/lib/python3.13/site-packages/langgraph/pregel/main.py')
    
    During handling of the above exception, another exception occurred:
    
    Traceback (most recent call last):
      File "/mnt/hd1/projects/mestrado/.venv/lib/python3.13/site-packages/tornado/web.py", line 1848, in _execute
        result = await result
                 ^^^^^^^^^^^^
      File "/mnt/hd1/projects/mestrado/.venv/lib/python3.13/site-packages/jupyter_server/auth/decorator.py", line 73, in inner
        return await out
               ^^^^^^^^^
      File "/mnt/hd1/projects/mestrado/.venv/lib/python3.13/site-packages/jupyter_server/services/contents/handlers.py", line 182, in get
        await self._finish_error(
            HTTPStatus.NOT_FOUND, f"file or directory {path!r} does not exist"
        )
      File "/mnt/hd1/projects/mestrado/.venv/lib/python3.13/site-packages/jupyter_server/services/contents/handlers.py", line 114, in _finish_error
        self.write(message)
        ~~~~~~~~~~^^^^^^^^^
      File "/mnt/hd1/projects/mestrado/.venv/lib/python3.13/site-packages/tornado/web.py", line 964, in write
        raise RuntimeError("Cannot write() after finish()")
    RuntimeError: Cannot write() after finish()
[W 2025-11-27 13:48:23.214 ServerApp] 404 GET /api/contents/.venv/lib/python3.13/site-packages/langgraph/pregel/_runner.py?content=0&hash=0&1764262103192 (88018ac180874c64926ff0679824cc90@::1) 7.16ms referer=http://localhost:8888/lab/tree/Untitled.ipynb
[I 2025-11-27 13:48:23.214 ServerApp] Refusing to serve hidden file or directory '/mnt/hd1/projects/mestrado/.venv/lib/python3.13/site-packages/langgraph/pregel/_runner.py', via 404 Error
[E 2025-11-27 13:48:23.214 ServerApp] Uncaught exception GET /api/contents/.venv/lib/python3.13/site-packages/langgraph/pregel/_runner.py?content=0&hash=0&1764262103192 (::1)
    HTTPServerRequest(protocol='http', host='localhost:8888', method='GET', uri='/api/contents/.venv/lib/python3.13/site-packages/langgraph/pregel/_runner.py?content=0&hash=0&1764262103192', version='HTTP/1.1', remote_ip='::1')
    Traceback (most recent call last):
      File "/mnt/hd1/projects/mestrado/.venv/lib/python3.13/site-packages/jupyter_server/services/contents/handlers.py", line 156, in get
        model = await ensure_async(
                ^^^^^^^^^^^^^^^^^^^
        ...<7 lines>...
        )
        ^
      File "/mnt/hd1/projects/mestrado/.venv/lib/python3.13/site-packages/jupyter_core/utils/__init__.py", line 214, in ensure_async
        result = await obj
                 ^^^^^^^^^
      File "/mnt/hd1/projects/mestrado/.venv/lib/python3.13/site-packages/jupyter_server/services/contents/filemanager.py", line 928, in get
        model = await self._file_model(
                ^^^^^^^^^^^^^^^^^^^^^^^
            path, content=content, format=format, require_hash=require_hash
            ^^^^^^^^^^^^^^^^^^^^^^^^^^^^^^^^^^^^^^^^^^^^^^^^^^^^^^^^^^^^^^^
        )
        ^
      File "/mnt/hd1/projects/mestrado/.venv/lib/python3.13/site-packages/jupyter_server/services/contents/filemanager.py", line 829, in _file_model
        model = self._base_model(path)
      File "/mnt/hd1/projects/mestrado/.venv/lib/python3.13/site-packages/jupyter_server/services/contents/filemanager.py", line 237, in _base_model
        raise web.HTTPError(404, four_o_four)
    tornado.web.HTTPError: HTTP 404: Not Found (file or directory does not exist: '.venv/lib/python3.13/site-packages/langgraph/pregel/_runner.py')
    
    During handling of the above exception, another exception occurred:
    
    Traceback (most recent call last):
      File "/mnt/hd1/projects/mestrado/.venv/lib/python3.13/site-packages/tornado/web.py", line 1848, in _execute
        result = await result
                 ^^^^^^^^^^^^
      File "/mnt/hd1/projects/mestrado/.venv/lib/python3.13/site-packages/jupyter_server/auth/decorator.py", line 73, in inner
        return await out
               ^^^^^^^^^
      File "/mnt/hd1/projects/mestrado/.venv/lib/python3.13/site-packages/jupyter_server/services/contents/handlers.py", line 182, in get
        await self._finish_error(
            HTTPStatus.NOT_FOUND, f"file or directory {path!r} does not exist"
        )
      File "/mnt/hd1/projects/mestrado/.venv/lib/python3.13/site-packages/jupyter_server/services/contents/handlers.py", line 114, in _finish_error
        self.write(message)
        ~~~~~~~~~~^^^^^^^^^
      File "/mnt/hd1/projects/mestrado/.venv/lib/python3.13/site-packages/tornado/web.py", line 964, in write
        raise RuntimeError("Cannot write() after finish()")
    RuntimeError: Cannot write() after finish()
[W 2025-11-27 13:48:23.218 ServerApp] 404 GET /api/contents/.venv/lib/python3.13/site-packages/langgraph/_internal/_runnable.py?content=0&hash=0&1764262103195 (88018ac180874c64926ff0679824cc90@::1) 2.42ms referer=http://localhost:8888/lab/tree/Untitled.ipynb
[I 2025-11-27 13:48:23.219 ServerApp] Refusing to serve hidden file or directory '/mnt/hd1/projects/mestrado/.venv/lib/python3.13/site-packages/langgraph/_internal/_runnable.py', via 404 Error
[E 2025-11-27 13:48:23.219 ServerApp] Uncaught exception GET /api/contents/.venv/lib/python3.13/site-packages/langgraph/_internal/_runnable.py?content=0&hash=0&1764262103195 (::1)
    HTTPServerRequest(protocol='http', host='localhost:8888', method='GET', uri='/api/contents/.venv/lib/python3.13/site-packages/langgraph/_internal/_runnable.py?content=0&hash=0&1764262103195', version='HTTP/1.1', remote_ip='::1')
    Traceback (most recent call last):
      File "/mnt/hd1/projects/mestrado/.venv/lib/python3.13/site-packages/jupyter_server/services/contents/handlers.py", line 156, in get
        model = await ensure_async(
                ^^^^^^^^^^^^^^^^^^^
        ...<7 lines>...
        )
        ^
      File "/mnt/hd1/projects/mestrado/.venv/lib/python3.13/site-packages/jupyter_core/utils/__init__.py", line 214, in ensure_async
        result = await obj
                 ^^^^^^^^^
      File "/mnt/hd1/projects/mestrado/.venv/lib/python3.13/site-packages/jupyter_server/services/contents/filemanager.py", line 928, in get
        model = await self._file_model(
                ^^^^^^^^^^^^^^^^^^^^^^^
            path, content=content, format=format, require_hash=require_hash
            ^^^^^^^^^^^^^^^^^^^^^^^^^^^^^^^^^^^^^^^^^^^^^^^^^^^^^^^^^^^^^^^
        )
        ^
      File "/mnt/hd1/projects/mestrado/.venv/lib/python3.13/site-packages/jupyter_server/services/contents/filemanager.py", line 829, in _file_model
        model = self._base_model(path)
      File "/mnt/hd1/projects/mestrado/.venv/lib/python3.13/site-packages/jupyter_server/services/contents/filemanager.py", line 237, in _base_model
        raise web.HTTPError(404, four_o_four)
    tornado.web.HTTPError: HTTP 404: Not Found (file or directory does not exist: '.venv/lib/python3.13/site-packages/langgraph/_internal/_runnable.py')
    
    During handling of the above exception, another exception occurred:
    
    Traceback (most recent call last):
      File "/mnt/hd1/projects/mestrado/.venv/lib/python3.13/site-packages/tornado/web.py", line 1848, in _execute
        result = await result
                 ^^^^^^^^^^^^
      File "/mnt/hd1/projects/mestrado/.venv/lib/python3.13/site-packages/jupyter_server/auth/decorator.py", line 73, in inner
        return await out
               ^^^^^^^^^
      File "/mnt/hd1/projects/mestrado/.venv/lib/python3.13/site-packages/jupyter_server/services/contents/handlers.py", line 182, in get
        await self._finish_error(
            HTTPStatus.NOT_FOUND, f"file or directory {path!r} does not exist"
        )
      File "/mnt/hd1/projects/mestrado/.venv/lib/python3.13/site-packages/jupyter_server/services/contents/handlers.py", line 114, in _finish_error
        self.write(message)
        ~~~~~~~~~~^^^^^^^^^
      File "/mnt/hd1/projects/mestrado/.venv/lib/python3.13/site-packages/tornado/web.py", line 964, in write
        raise RuntimeError("Cannot write() after finish()")
    RuntimeError: Cannot write() after finish()
[W 2025-11-27 13:48:23.222 ServerApp] 404 GET /api/contents/.venv/lib/python3.13/site-packages/langgraph/prebuilt/tool_node.py?content=0&hash=0&1764262103196 (88018ac180874c64926ff0679824cc90@::1) 5.44ms referer=http://localhost:8888/lab/tree/Untitled.ipynb
[I 2025-11-27 13:48:23.222 ServerApp] Refusing to serve hidden file or directory '/mnt/hd1/projects/mestrado/.venv/lib/python3.13/site-packages/langgraph/prebuilt/tool_node.py', via 404 Error
[E 2025-11-27 13:48:23.222 ServerApp] Uncaught exception GET /api/contents/.venv/lib/python3.13/site-packages/langgraph/prebuilt/tool_node.py?content=0&hash=0&1764262103196 (::1)
    HTTPServerRequest(protocol='http', host='localhost:8888', method='GET', uri='/api/contents/.venv/lib/python3.13/site-packages/langgraph/prebuilt/tool_node.py?content=0&hash=0&1764262103196', version='HTTP/1.1', remote_ip='::1')
    Traceback (most recent call last):
      File "/mnt/hd1/projects/mestrado/.venv/lib/python3.13/site-packages/jupyter_server/services/contents/handlers.py", line 156, in get
        model = await ensure_async(
                ^^^^^^^^^^^^^^^^^^^
        ...<7 lines>...
        )
        ^
      File "/mnt/hd1/projects/mestrado/.venv/lib/python3.13/site-packages/jupyter_core/utils/__init__.py", line 214, in ensure_async
        result = await obj
                 ^^^^^^^^^
      File "/mnt/hd1/projects/mestrado/.venv/lib/python3.13/site-packages/jupyter_server/services/contents/filemanager.py", line 928, in get
        model = await self._file_model(
                ^^^^^^^^^^^^^^^^^^^^^^^
            path, content=content, format=format, require_hash=require_hash
            ^^^^^^^^^^^^^^^^^^^^^^^^^^^^^^^^^^^^^^^^^^^^^^^^^^^^^^^^^^^^^^^
        )
        ^
      File "/mnt/hd1/projects/mestrado/.venv/lib/python3.13/site-packages/jupyter_server/services/contents/filemanager.py", line 829, in _file_model
        model = self._base_model(path)
      File "/mnt/hd1/projects/mestrado/.venv/lib/python3.13/site-packages/jupyter_server/services/contents/filemanager.py", line 237, in _base_model
        raise web.HTTPError(404, four_o_four)
    tornado.web.HTTPError: HTTP 404: Not Found (file or directory does not exist: '.venv/lib/python3.13/site-packages/langgraph/prebuilt/tool_node.py')
    
    During handling of the above exception, another exception occurred:
    
    Traceback (most recent call last):
      File "/mnt/hd1/projects/mestrado/.venv/lib/python3.13/site-packages/tornado/web.py", line 1848, in _execute
        result = await result
                 ^^^^^^^^^^^^
      File "/mnt/hd1/projects/mestrado/.venv/lib/python3.13/site-packages/jupyter_server/auth/decorator.py", line 73, in inner
        return await out
               ^^^^^^^^^
      File "/mnt/hd1/projects/mestrado/.venv/lib/python3.13/site-packages/jupyter_server/services/contents/handlers.py", line 182, in get
        await self._finish_error(
            HTTPStatus.NOT_FOUND, f"file or directory {path!r} does not exist"
        )
      File "/mnt/hd1/projects/mestrado/.venv/lib/python3.13/site-packages/jupyter_server/services/contents/handlers.py", line 114, in _finish_error
        self.write(message)
        ~~~~~~~~~~^^^^^^^^^
      File "/mnt/hd1/projects/mestrado/.venv/lib/python3.13/site-packages/tornado/web.py", line 964, in write
        raise RuntimeError("Cannot write() after finish()")
    RuntimeError: Cannot write() after finish()
[W 2025-11-27 13:48:23.225 ServerApp] 404 GET /api/contents/.venv/lib/python3.13/site-packages/langchain_core/runnables/config.py?content=0&hash=0&1764262103198 (88018ac180874c64926ff0679824cc90@::1) 8.22ms referer=http://localhost:8888/lab/tree/Untitled.ipynb
[I 2025-11-27 13:48:23.226 ServerApp] Refusing to serve hidden file or directory '/mnt/hd1/projects/mestrado/.venv/lib/python3.13/site-packages/langchain_core/runnables/config.py', via 404 Error
[E 2025-11-27 13:48:23.226 ServerApp] Uncaught exception GET /api/contents/.venv/lib/python3.13/site-packages/langchain_core/runnables/config.py?content=0&hash=0&1764262103198 (::1)
    HTTPServerRequest(protocol='http', host='localhost:8888', method='GET', uri='/api/contents/.venv/lib/python3.13/site-packages/langchain_core/runnables/config.py?content=0&hash=0&1764262103198', version='HTTP/1.1', remote_ip='::1')
    Traceback (most recent call last):
      File "/mnt/hd1/projects/mestrado/.venv/lib/python3.13/site-packages/jupyter_server/services/contents/handlers.py", line 156, in get
        model = await ensure_async(
                ^^^^^^^^^^^^^^^^^^^
        ...<7 lines>...
        )
        ^
      File "/mnt/hd1/projects/mestrado/.venv/lib/python3.13/site-packages/jupyter_core/utils/__init__.py", line 214, in ensure_async
        result = await obj
                 ^^^^^^^^^
      File "/mnt/hd1/projects/mestrado/.venv/lib/python3.13/site-packages/jupyter_server/services/contents/filemanager.py", line 928, in get
        model = await self._file_model(
                ^^^^^^^^^^^^^^^^^^^^^^^
            path, content=content, format=format, require_hash=require_hash
            ^^^^^^^^^^^^^^^^^^^^^^^^^^^^^^^^^^^^^^^^^^^^^^^^^^^^^^^^^^^^^^^
        )
        ^
      File "/mnt/hd1/projects/mestrado/.venv/lib/python3.13/site-packages/jupyter_server/services/contents/filemanager.py", line 829, in _file_model
        model = self._base_model(path)
      File "/mnt/hd1/projects/mestrado/.venv/lib/python3.13/site-packages/jupyter_server/services/contents/filemanager.py", line 237, in _base_model
        raise web.HTTPError(404, four_o_four)
    tornado.web.HTTPError: HTTP 404: Not Found (file or directory does not exist: '.venv/lib/python3.13/site-packages/langchain_core/runnables/config.py')
    
    During handling of the above exception, another exception occurred:
    
    Traceback (most recent call last):
      File "/mnt/hd1/projects/mestrado/.venv/lib/python3.13/site-packages/tornado/web.py", line 1848, in _execute
        result = await result
                 ^^^^^^^^^^^^
      File "/mnt/hd1/projects/mestrado/.venv/lib/python3.13/site-packages/jupyter_server/auth/decorator.py", line 73, in inner
        return await out
               ^^^^^^^^^
      File "/mnt/hd1/projects/mestrado/.venv/lib/python3.13/site-packages/jupyter_server/services/contents/handlers.py", line 182, in get
        await self._finish_error(
            HTTPStatus.NOT_FOUND, f"file or directory {path!r} does not exist"
        )
      File "/mnt/hd1/projects/mestrado/.venv/lib/python3.13/site-packages/jupyter_server/services/contents/handlers.py", line 114, in _finish_error
        self.write(message)
        ~~~~~~~~~~^^^^^^^^^
      File "/mnt/hd1/projects/mestrado/.venv/lib/python3.13/site-packages/tornado/web.py", line 964, in write
        raise RuntimeError("Cannot write() after finish()")
    RuntimeError: Cannot write() after finish()
[W 2025-11-27 13:48:23.229 ServerApp] 404 GET /api/contents/.venv/lib/python3.13/site-packages/langgraph/prebuilt/tool_node.py?content=0&hash=0&1764262103201 (88018ac180874c64926ff0679824cc90@::1) 1.00ms referer=http://localhost:8888/lab/tree/Untitled.ipynb
[I 2025-11-27 13:48:23.229 ServerApp] Refusing to serve hidden file or directory '/mnt/hd1/projects/mestrado/.venv/lib/python3.13/site-packages/langgraph/prebuilt/tool_node.py', via 404 Error
[E 2025-11-27 13:48:23.229 ServerApp] Uncaught exception GET /api/contents/.venv/lib/python3.13/site-packages/langgraph/prebuilt/tool_node.py?content=0&hash=0&1764262103201 (::1)
    HTTPServerRequest(protocol='http', host='localhost:8888', method='GET', uri='/api/contents/.venv/lib/python3.13/site-packages/langgraph/prebuilt/tool_node.py?content=0&hash=0&1764262103201', version='HTTP/1.1', remote_ip='::1')
    Traceback (most recent call last):
      File "/mnt/hd1/projects/mestrado/.venv/lib/python3.13/site-packages/jupyter_server/services/contents/handlers.py", line 156, in get
        model = await ensure_async(
                ^^^^^^^^^^^^^^^^^^^
        ...<7 lines>...
        )
        ^
      File "/mnt/hd1/projects/mestrado/.venv/lib/python3.13/site-packages/jupyter_core/utils/__init__.py", line 214, in ensure_async
        result = await obj
                 ^^^^^^^^^
      File "/mnt/hd1/projects/mestrado/.venv/lib/python3.13/site-packages/jupyter_server/services/contents/filemanager.py", line 928, in get
        model = await self._file_model(
                ^^^^^^^^^^^^^^^^^^^^^^^
            path, content=content, format=format, require_hash=require_hash
            ^^^^^^^^^^^^^^^^^^^^^^^^^^^^^^^^^^^^^^^^^^^^^^^^^^^^^^^^^^^^^^^
        )
        ^
      File "/mnt/hd1/projects/mestrado/.venv/lib/python3.13/site-packages/jupyter_server/services/contents/filemanager.py", line 829, in _file_model
        model = self._base_model(path)
      File "/mnt/hd1/projects/mestrado/.venv/lib/python3.13/site-packages/jupyter_server/services/contents/filemanager.py", line 237, in _base_model
        raise web.HTTPError(404, four_o_four)
    tornado.web.HTTPError: HTTP 404: Not Found (file or directory does not exist: '.venv/lib/python3.13/site-packages/langgraph/prebuilt/tool_node.py')
    
    During handling of the above exception, another exception occurred:
    
    Traceback (most recent call last):
      File "/mnt/hd1/projects/mestrado/.venv/lib/python3.13/site-packages/tornado/web.py", line 1848, in _execute
        result = await result
                 ^^^^^^^^^^^^
      File "/mnt/hd1/projects/mestrado/.venv/lib/python3.13/site-packages/jupyter_server/auth/decorator.py", line 73, in inner
        return await out
               ^^^^^^^^^
      File "/mnt/hd1/projects/mestrado/.venv/lib/python3.13/site-packages/jupyter_server/services/contents/handlers.py", line 182, in get
        await self._finish_error(
            HTTPStatus.NOT_FOUND, f"file or directory {path!r} does not exist"
        )
      File "/mnt/hd1/projects/mestrado/.venv/lib/python3.13/site-packages/jupyter_server/services/contents/handlers.py", line 114, in _finish_error
        self.write(message)
        ~~~~~~~~~~^^^^^^^^^
      File "/mnt/hd1/projects/mestrado/.venv/lib/python3.13/site-packages/tornado/web.py", line 964, in write
        raise RuntimeError("Cannot write() after finish()")
    RuntimeError: Cannot write() after finish()
[W 2025-11-27 13:48:23.233 ServerApp] 404 GET /api/contents/.venv/lib/python3.13/site-packages/langgraph/prebuilt/tool_node.py?content=0&hash=0&1764262103202 (88018ac180874c64926ff0679824cc90@::1) 1.16ms referer=http://localhost:8888/lab/tree/Untitled.ipynb
[I 2025-11-27 13:48:23.233 ServerApp] Refusing to serve hidden file or directory '/mnt/hd1/projects/mestrado/.venv/lib/python3.13/site-packages/langgraph/prebuilt/tool_node.py', via 404 Error
[E 2025-11-27 13:48:23.234 ServerApp] Uncaught exception GET /api/contents/.venv/lib/python3.13/site-packages/langgraph/prebuilt/tool_node.py?content=0&hash=0&1764262103202 (::1)
    HTTPServerRequest(protocol='http', host='localhost:8888', method='GET', uri='/api/contents/.venv/lib/python3.13/site-packages/langgraph/prebuilt/tool_node.py?content=0&hash=0&1764262103202', version='HTTP/1.1', remote_ip='::1')
    Traceback (most recent call last):
      File "/mnt/hd1/projects/mestrado/.venv/lib/python3.13/site-packages/jupyter_server/services/contents/handlers.py", line 156, in get
        model = await ensure_async(
                ^^^^^^^^^^^^^^^^^^^
        ...<7 lines>...
        )
        ^
      File "/mnt/hd1/projects/mestrado/.venv/lib/python3.13/site-packages/jupyter_core/utils/__init__.py", line 214, in ensure_async
        result = await obj
                 ^^^^^^^^^
      File "/mnt/hd1/projects/mestrado/.venv/lib/python3.13/site-packages/jupyter_server/services/contents/filemanager.py", line 928, in get
        model = await self._file_model(
                ^^^^^^^^^^^^^^^^^^^^^^^
            path, content=content, format=format, require_hash=require_hash
            ^^^^^^^^^^^^^^^^^^^^^^^^^^^^^^^^^^^^^^^^^^^^^^^^^^^^^^^^^^^^^^^
        )
        ^
      File "/mnt/hd1/projects/mestrado/.venv/lib/python3.13/site-packages/jupyter_server/services/contents/filemanager.py", line 829, in _file_model
        model = self._base_model(path)
      File "/mnt/hd1/projects/mestrado/.venv/lib/python3.13/site-packages/jupyter_server/services/contents/filemanager.py", line 237, in _base_model
        raise web.HTTPError(404, four_o_four)
    tornado.web.HTTPError: HTTP 404: Not Found (file or directory does not exist: '.venv/lib/python3.13/site-packages/langgraph/prebuilt/tool_node.py')
    
    During handling of the above exception, another exception occurred:
    
    Traceback (most recent call last):
      File "/mnt/hd1/projects/mestrado/.venv/lib/python3.13/site-packages/tornado/web.py", line 1848, in _execute
        result = await result
                 ^^^^^^^^^^^^
      File "/mnt/hd1/projects/mestrado/.venv/lib/python3.13/site-packages/jupyter_server/auth/decorator.py", line 73, in inner
        return await out
               ^^^^^^^^^
      File "/mnt/hd1/projects/mestrado/.venv/lib/python3.13/site-packages/jupyter_server/services/contents/handlers.py", line 182, in get
        await self._finish_error(
            HTTPStatus.NOT_FOUND, f"file or directory {path!r} does not exist"
        )
      File "/mnt/hd1/projects/mestrado/.venv/lib/python3.13/site-packages/jupyter_server/services/contents/handlers.py", line 114, in _finish_error
        self.write(message)
        ~~~~~~~~~~^^^^^^^^^
      File "/mnt/hd1/projects/mestrado/.venv/lib/python3.13/site-packages/tornado/web.py", line 964, in write
        raise RuntimeError("Cannot write() after finish()")
    RuntimeError: Cannot write() after finish()
[W 2025-11-27 13:48:23.248 ServerApp] 404 GET /api/contents/.venv/lib/python3.13/site-packages/langgraph/prebuilt/tool_node.py?content=0&hash=0&1764262103203 (88018ac180874c64926ff0679824cc90@::1) 1.12ms referer=http://localhost:8888/lab/tree/Untitled.ipynb
[I 2025-11-27 13:48:23.249 ServerApp] Refusing to serve hidden file or directory '/mnt/hd1/projects/mestrado/.venv/lib/python3.13/site-packages/langgraph/prebuilt/tool_node.py', via 404 Error
[E 2025-11-27 13:48:23.249 ServerApp] Uncaught exception GET /api/contents/.venv/lib/python3.13/site-packages/langgraph/prebuilt/tool_node.py?content=0&hash=0&1764262103203 (::1)
    HTTPServerRequest(protocol='http', host='localhost:8888', method='GET', uri='/api/contents/.venv/lib/python3.13/site-packages/langgraph/prebuilt/tool_node.py?content=0&hash=0&1764262103203', version='HTTP/1.1', remote_ip='::1')
    Traceback (most recent call last):
      File "/mnt/hd1/projects/mestrado/.venv/lib/python3.13/site-packages/jupyter_server/services/contents/handlers.py", line 156, in get
        model = await ensure_async(
                ^^^^^^^^^^^^^^^^^^^
        ...<7 lines>...
        )
        ^
      File "/mnt/hd1/projects/mestrado/.venv/lib/python3.13/site-packages/jupyter_core/utils/__init__.py", line 214, in ensure_async
        result = await obj
                 ^^^^^^^^^
      File "/mnt/hd1/projects/mestrado/.venv/lib/python3.13/site-packages/jupyter_server/services/contents/filemanager.py", line 928, in get
        model = await self._file_model(
                ^^^^^^^^^^^^^^^^^^^^^^^
            path, content=content, format=format, require_hash=require_hash
            ^^^^^^^^^^^^^^^^^^^^^^^^^^^^^^^^^^^^^^^^^^^^^^^^^^^^^^^^^^^^^^^
        )
        ^
      File "/mnt/hd1/projects/mestrado/.venv/lib/python3.13/site-packages/jupyter_server/services/contents/filemanager.py", line 829, in _file_model
        model = self._base_model(path)
      File "/mnt/hd1/projects/mestrado/.venv/lib/python3.13/site-packages/jupyter_server/services/contents/filemanager.py", line 237, in _base_model
        raise web.HTTPError(404, four_o_four)
    tornado.web.HTTPError: HTTP 404: Not Found (file or directory does not exist: '.venv/lib/python3.13/site-packages/langgraph/prebuilt/tool_node.py')
    
    During handling of the above exception, another exception occurred:
    
    Traceback (most recent call last):
      File "/mnt/hd1/projects/mestrado/.venv/lib/python3.13/site-packages/tornado/web.py", line 1848, in _execute
        result = await result
                 ^^^^^^^^^^^^
      File "/mnt/hd1/projects/mestrado/.venv/lib/python3.13/site-packages/jupyter_server/auth/decorator.py", line 73, in inner
        return await out
               ^^^^^^^^^
      File "/mnt/hd1/projects/mestrado/.venv/lib/python3.13/site-packages/jupyter_server/services/contents/handlers.py", line 182, in get
        await self._finish_error(
            HTTPStatus.NOT_FOUND, f"file or directory {path!r} does not exist"
        )
      File "/mnt/hd1/projects/mestrado/.venv/lib/python3.13/site-packages/jupyter_server/services/contents/handlers.py", line 114, in _finish_error
        self.write(message)
        ~~~~~~~~~~^^^^^^^^^
      File "/mnt/hd1/projects/mestrado/.venv/lib/python3.13/site-packages/tornado/web.py", line 964, in write
        raise RuntimeError("Cannot write() after finish()")
    RuntimeError: Cannot write() after finish()
[W 2025-11-27 13:48:23.253 ServerApp] 404 GET /api/contents/.venv/lib/python3.13/site-packages/langchain_core/tools/structured.py?content=0&hash=0&1764262103232 (88018ac180874c64926ff0679824cc90@::1) 1.09ms referer=http://localhost:8888/lab/tree/Untitled.ipynb
[I 2025-11-27 13:48:23.253 ServerApp] Refusing to serve hidden file or directory '/mnt/hd1/projects/mestrado/.venv/lib/python3.13/site-packages/langchain_core/tools/structured.py', via 404 Error
[E 2025-11-27 13:48:23.253 ServerApp] Uncaught exception GET /api/contents/.venv/lib/python3.13/site-packages/langchain_core/tools/structured.py?content=0&hash=0&1764262103232 (::1)
    HTTPServerRequest(protocol='http', host='localhost:8888', method='GET', uri='/api/contents/.venv/lib/python3.13/site-packages/langchain_core/tools/structured.py?content=0&hash=0&1764262103232', version='HTTP/1.1', remote_ip='::1')
    Traceback (most recent call last):
      File "/mnt/hd1/projects/mestrado/.venv/lib/python3.13/site-packages/jupyter_server/services/contents/handlers.py", line 156, in get
        model = await ensure_async(
                ^^^^^^^^^^^^^^^^^^^
        ...<7 lines>...
        )
        ^
      File "/mnt/hd1/projects/mestrado/.venv/lib/python3.13/site-packages/jupyter_core/utils/__init__.py", line 214, in ensure_async
        result = await obj
                 ^^^^^^^^^
      File "/mnt/hd1/projects/mestrado/.venv/lib/python3.13/site-packages/jupyter_server/services/contents/filemanager.py", line 928, in get
        model = await self._file_model(
                ^^^^^^^^^^^^^^^^^^^^^^^
            path, content=content, format=format, require_hash=require_hash
            ^^^^^^^^^^^^^^^^^^^^^^^^^^^^^^^^^^^^^^^^^^^^^^^^^^^^^^^^^^^^^^^
        )
        ^
      File "/mnt/hd1/projects/mestrado/.venv/lib/python3.13/site-packages/jupyter_server/services/contents/filemanager.py", line 829, in _file_model
        model = self._base_model(path)
      File "/mnt/hd1/projects/mestrado/.venv/lib/python3.13/site-packages/jupyter_server/services/contents/filemanager.py", line 237, in _base_model
        raise web.HTTPError(404, four_o_four)
    tornado.web.HTTPError: HTTP 404: Not Found (file or directory does not exist: '.venv/lib/python3.13/site-packages/langchain_core/tools/structured.py')
    
    During handling of the above exception, another exception occurred:
    
    Traceback (most recent call last):
      File "/mnt/hd1/projects/mestrado/.venv/lib/python3.13/site-packages/tornado/web.py", line 1848, in _execute
        result = await result
                 ^^^^^^^^^^^^
      File "/mnt/hd1/projects/mestrado/.venv/lib/python3.13/site-packages/jupyter_server/auth/decorator.py", line 73, in inner
        return await out
               ^^^^^^^^^
      File "/mnt/hd1/projects/mestrado/.venv/lib/python3.13/site-packages/jupyter_server/services/contents/handlers.py", line 182, in get
        await self._finish_error(
            HTTPStatus.NOT_FOUND, f"file or directory {path!r} does not exist"
        )
      File "/mnt/hd1/projects/mestrado/.venv/lib/python3.13/site-packages/jupyter_server/services/contents/handlers.py", line 114, in _finish_error
        self.write(message)
        ~~~~~~~~~~^^^^^^^^^
      File "/mnt/hd1/projects/mestrado/.venv/lib/python3.13/site-packages/tornado/web.py", line 964, in write
        raise RuntimeError("Cannot write() after finish()")
    RuntimeError: Cannot write() after finish()
[W 2025-11-27 13:48:23.257 ServerApp] 404 GET /api/contents/.venv/lib/python3.13/site-packages/langgraph/prebuilt/tool_node.py?content=0&hash=0&1764262103204 (88018ac180874c64926ff0679824cc90@::1) 2.03ms referer=http://localhost:8888/lab/tree/Untitled.ipynb
[I 2025-11-27 13:48:23.258 ServerApp] Refusing to serve hidden file or directory '/mnt/hd1/projects/mestrado/.venv/lib/python3.13/site-packages/langgraph/prebuilt/tool_node.py', via 404 Error
[E 2025-11-27 13:48:23.258 ServerApp] Uncaught exception GET /api/contents/.venv/lib/python3.13/site-packages/langgraph/prebuilt/tool_node.py?content=0&hash=0&1764262103204 (::1)
    HTTPServerRequest(protocol='http', host='localhost:8888', method='GET', uri='/api/contents/.venv/lib/python3.13/site-packages/langgraph/prebuilt/tool_node.py?content=0&hash=0&1764262103204', version='HTTP/1.1', remote_ip='::1')
    Traceback (most recent call last):
      File "/mnt/hd1/projects/mestrado/.venv/lib/python3.13/site-packages/jupyter_server/services/contents/handlers.py", line 156, in get
        model = await ensure_async(
                ^^^^^^^^^^^^^^^^^^^
        ...<7 lines>...
        )
        ^
      File "/mnt/hd1/projects/mestrado/.venv/lib/python3.13/site-packages/jupyter_core/utils/__init__.py", line 214, in ensure_async
        result = await obj
                 ^^^^^^^^^
      File "/mnt/hd1/projects/mestrado/.venv/lib/python3.13/site-packages/jupyter_server/services/contents/filemanager.py", line 928, in get
        model = await self._file_model(
                ^^^^^^^^^^^^^^^^^^^^^^^
            path, content=content, format=format, require_hash=require_hash
            ^^^^^^^^^^^^^^^^^^^^^^^^^^^^^^^^^^^^^^^^^^^^^^^^^^^^^^^^^^^^^^^
        )
        ^
      File "/mnt/hd1/projects/mestrado/.venv/lib/python3.13/site-packages/jupyter_server/services/contents/filemanager.py", line 829, in _file_model
        model = self._base_model(path)
      File "/mnt/hd1/projects/mestrado/.venv/lib/python3.13/site-packages/jupyter_server/services/contents/filemanager.py", line 237, in _base_model
        raise web.HTTPError(404, four_o_four)
    tornado.web.HTTPError: HTTP 404: Not Found (file or directory does not exist: '.venv/lib/python3.13/site-packages/langgraph/prebuilt/tool_node.py')
    
    During handling of the above exception, another exception occurred:
    
    Traceback (most recent call last):
      File "/mnt/hd1/projects/mestrado/.venv/lib/python3.13/site-packages/tornado/web.py", line 1848, in _execute
        result = await result
                 ^^^^^^^^^^^^
      File "/mnt/hd1/projects/mestrado/.venv/lib/python3.13/site-packages/jupyter_server/auth/decorator.py", line 73, in inner
        return await out
               ^^^^^^^^^
      File "/mnt/hd1/projects/mestrado/.venv/lib/python3.13/site-packages/jupyter_server/services/contents/handlers.py", line 182, in get
        await self._finish_error(
            HTTPStatus.NOT_FOUND, f"file or directory {path!r} does not exist"
        )
      File "/mnt/hd1/projects/mestrado/.venv/lib/python3.13/site-packages/jupyter_server/services/contents/handlers.py", line 114, in _finish_error
        self.write(message)
        ~~~~~~~~~~^^^^^^^^^
      File "/mnt/hd1/projects/mestrado/.venv/lib/python3.13/site-packages/tornado/web.py", line 964, in write
        raise RuntimeError("Cannot write() after finish()")
    RuntimeError: Cannot write() after finish()
[W 2025-11-27 13:48:23.261 ServerApp] 404 GET /api/contents/.venv/lib/python3.13/site-packages/langgraph/prebuilt/tool_node.py?content=0&hash=0&1764262103210 (88018ac180874c64926ff0679824cc90@::1) 5.11ms referer=http://localhost:8888/lab/tree/Untitled.ipynb
[I 2025-11-27 13:48:23.261 ServerApp] Refusing to serve hidden file or directory '/mnt/hd1/projects/mestrado/.venv/lib/python3.13/site-packages/langgraph/prebuilt/tool_node.py', via 404 Error
[E 2025-11-27 13:48:23.261 ServerApp] Uncaught exception GET /api/contents/.venv/lib/python3.13/site-packages/langgraph/prebuilt/tool_node.py?content=0&hash=0&1764262103210 (::1)
    HTTPServerRequest(protocol='http', host='localhost:8888', method='GET', uri='/api/contents/.venv/lib/python3.13/site-packages/langgraph/prebuilt/tool_node.py?content=0&hash=0&1764262103210', version='HTTP/1.1', remote_ip='::1')
    Traceback (most recent call last):
      File "/mnt/hd1/projects/mestrado/.venv/lib/python3.13/site-packages/jupyter_server/services/contents/handlers.py", line 156, in get
        model = await ensure_async(
                ^^^^^^^^^^^^^^^^^^^
        ...<7 lines>...
        )
        ^
      File "/mnt/hd1/projects/mestrado/.venv/lib/python3.13/site-packages/jupyter_core/utils/__init__.py", line 214, in ensure_async
        result = await obj
                 ^^^^^^^^^
      File "/mnt/hd1/projects/mestrado/.venv/lib/python3.13/site-packages/jupyter_server/services/contents/filemanager.py", line 928, in get
        model = await self._file_model(
                ^^^^^^^^^^^^^^^^^^^^^^^
            path, content=content, format=format, require_hash=require_hash
            ^^^^^^^^^^^^^^^^^^^^^^^^^^^^^^^^^^^^^^^^^^^^^^^^^^^^^^^^^^^^^^^
        )
        ^
      File "/mnt/hd1/projects/mestrado/.venv/lib/python3.13/site-packages/jupyter_server/services/contents/filemanager.py", line 829, in _file_model
        model = self._base_model(path)
      File "/mnt/hd1/projects/mestrado/.venv/lib/python3.13/site-packages/jupyter_server/services/contents/filemanager.py", line 237, in _base_model
        raise web.HTTPError(404, four_o_four)
    tornado.web.HTTPError: HTTP 404: Not Found (file or directory does not exist: '.venv/lib/python3.13/site-packages/langgraph/prebuilt/tool_node.py')
    
    During handling of the above exception, another exception occurred:
    
    Traceback (most recent call last):
      File "/mnt/hd1/projects/mestrado/.venv/lib/python3.13/site-packages/tornado/web.py", line 1848, in _execute
        result = await result
                 ^^^^^^^^^^^^
      File "/mnt/hd1/projects/mestrado/.venv/lib/python3.13/site-packages/jupyter_server/auth/decorator.py", line 73, in inner
        return await out
               ^^^^^^^^^
      File "/mnt/hd1/projects/mestrado/.venv/lib/python3.13/site-packages/jupyter_server/services/contents/handlers.py", line 182, in get
        await self._finish_error(
            HTTPStatus.NOT_FOUND, f"file or directory {path!r} does not exist"
        )
      File "/mnt/hd1/projects/mestrado/.venv/lib/python3.13/site-packages/jupyter_server/services/contents/handlers.py", line 114, in _finish_error
        self.write(message)
        ~~~~~~~~~~^^^^^^^^^
      File "/mnt/hd1/projects/mestrado/.venv/lib/python3.13/site-packages/tornado/web.py", line 964, in write
        raise RuntimeError("Cannot write() after finish()")
    RuntimeError: Cannot write() after finish()
[W 2025-11-27 13:48:23.264 ServerApp] 404 GET /api/contents/.venv/lib/python3.13/site-packages/langchain_core/tools/base.py?content=0&hash=0&1764262103212 (88018ac180874c64926ff0679824cc90@::1) 8.01ms referer=http://localhost:8888/lab/tree/Untitled.ipynb
[I 2025-11-27 13:48:23.265 ServerApp] Refusing to serve hidden file or directory '/mnt/hd1/projects/mestrado/.venv/lib/python3.13/site-packages/langchain_core/tools/base.py', via 404 Error
[E 2025-11-27 13:48:23.265 ServerApp] Uncaught exception GET /api/contents/.venv/lib/python3.13/site-packages/langchain_core/tools/base.py?content=0&hash=0&1764262103212 (::1)
    HTTPServerRequest(protocol='http', host='localhost:8888', method='GET', uri='/api/contents/.venv/lib/python3.13/site-packages/langchain_core/tools/base.py?content=0&hash=0&1764262103212', version='HTTP/1.1', remote_ip='::1')
    Traceback (most recent call last):
      File "/mnt/hd1/projects/mestrado/.venv/lib/python3.13/site-packages/jupyter_server/services/contents/handlers.py", line 156, in get
        model = await ensure_async(
                ^^^^^^^^^^^^^^^^^^^
        ...<7 lines>...
        )
        ^
      File "/mnt/hd1/projects/mestrado/.venv/lib/python3.13/site-packages/jupyter_core/utils/__init__.py", line 214, in ensure_async
        result = await obj
                 ^^^^^^^^^
      File "/mnt/hd1/projects/mestrado/.venv/lib/python3.13/site-packages/jupyter_server/services/contents/filemanager.py", line 928, in get
        model = await self._file_model(
                ^^^^^^^^^^^^^^^^^^^^^^^
            path, content=content, format=format, require_hash=require_hash
            ^^^^^^^^^^^^^^^^^^^^^^^^^^^^^^^^^^^^^^^^^^^^^^^^^^^^^^^^^^^^^^^
        )
        ^
      File "/mnt/hd1/projects/mestrado/.venv/lib/python3.13/site-packages/jupyter_server/services/contents/filemanager.py", line 829, in _file_model
        model = self._base_model(path)
      File "/mnt/hd1/projects/mestrado/.venv/lib/python3.13/site-packages/jupyter_server/services/contents/filemanager.py", line 237, in _base_model
        raise web.HTTPError(404, four_o_four)
    tornado.web.HTTPError: HTTP 404: Not Found (file or directory does not exist: '.venv/lib/python3.13/site-packages/langchain_core/tools/base.py')
    
    During handling of the above exception, another exception occurred:
    
    Traceback (most recent call last):
      File "/mnt/hd1/projects/mestrado/.venv/lib/python3.13/site-packages/tornado/web.py", line 1848, in _execute
        result = await result
                 ^^^^^^^^^^^^
      File "/mnt/hd1/projects/mestrado/.venv/lib/python3.13/site-packages/jupyter_server/auth/decorator.py", line 73, in inner
        return await out
               ^^^^^^^^^
      File "/mnt/hd1/projects/mestrado/.venv/lib/python3.13/site-packages/jupyter_server/services/contents/handlers.py", line 182, in get
        await self._finish_error(
            HTTPStatus.NOT_FOUND, f"file or directory {path!r} does not exist"
        )
      File "/mnt/hd1/projects/mestrado/.venv/lib/python3.13/site-packages/jupyter_server/services/contents/handlers.py", line 114, in _finish_error
        self.write(message)
        ~~~~~~~~~~^^^^^^^^^
      File "/mnt/hd1/projects/mestrado/.venv/lib/python3.13/site-packages/tornado/web.py", line 964, in write
        raise RuntimeError("Cannot write() after finish()")
    RuntimeError: Cannot write() after finish()
[W 2025-11-27 13:48:23.268 ServerApp] 404 GET /api/contents/.venv/lib/python3.13/site-packages/langchain_core/tools/base.py?content=0&hash=0&1764262103219 (88018ac180874c64926ff0679824cc90@::1) 11.49ms referer=http://localhost:8888/lab/tree/Untitled.ipynb
[I 2025-11-27 13:48:23.268 ServerApp] Refusing to serve hidden file or directory '/mnt/hd1/projects/mestrado/.venv/lib/python3.13/site-packages/langchain_core/tools/base.py', via 404 Error
[E 2025-11-27 13:48:23.268 ServerApp] Uncaught exception GET /api/contents/.venv/lib/python3.13/site-packages/langchain_core/tools/base.py?content=0&hash=0&1764262103219 (::1)
    HTTPServerRequest(protocol='http', host='localhost:8888', method='GET', uri='/api/contents/.venv/lib/python3.13/site-packages/langchain_core/tools/base.py?content=0&hash=0&1764262103219', version='HTTP/1.1', remote_ip='::1')
    Traceback (most recent call last):
      File "/mnt/hd1/projects/mestrado/.venv/lib/python3.13/site-packages/jupyter_server/services/contents/handlers.py", line 156, in get
        model = await ensure_async(
                ^^^^^^^^^^^^^^^^^^^
        ...<7 lines>...
        )
        ^
      File "/mnt/hd1/projects/mestrado/.venv/lib/python3.13/site-packages/jupyter_core/utils/__init__.py", line 214, in ensure_async
        result = await obj
                 ^^^^^^^^^
      File "/mnt/hd1/projects/mestrado/.venv/lib/python3.13/site-packages/jupyter_server/services/contents/filemanager.py", line 928, in get
        model = await self._file_model(
                ^^^^^^^^^^^^^^^^^^^^^^^
            path, content=content, format=format, require_hash=require_hash
            ^^^^^^^^^^^^^^^^^^^^^^^^^^^^^^^^^^^^^^^^^^^^^^^^^^^^^^^^^^^^^^^
        )
        ^
      File "/mnt/hd1/projects/mestrado/.venv/lib/python3.13/site-packages/jupyter_server/services/contents/filemanager.py", line 829, in _file_model
        model = self._base_model(path)
      File "/mnt/hd1/projects/mestrado/.venv/lib/python3.13/site-packages/jupyter_server/services/contents/filemanager.py", line 237, in _base_model
        raise web.HTTPError(404, four_o_four)
    tornado.web.HTTPError: HTTP 404: Not Found (file or directory does not exist: '.venv/lib/python3.13/site-packages/langchain_core/tools/base.py')
    
    During handling of the above exception, another exception occurred:
    
    Traceback (most recent call last):
      File "/mnt/hd1/projects/mestrado/.venv/lib/python3.13/site-packages/tornado/web.py", line 1848, in _execute
        result = await result
                 ^^^^^^^^^^^^
      File "/mnt/hd1/projects/mestrado/.venv/lib/python3.13/site-packages/jupyter_server/auth/decorator.py", line 73, in inner
        return await out
               ^^^^^^^^^
      File "/mnt/hd1/projects/mestrado/.venv/lib/python3.13/site-packages/jupyter_server/services/contents/handlers.py", line 182, in get
        await self._finish_error(
            HTTPStatus.NOT_FOUND, f"file or directory {path!r} does not exist"
        )
      File "/mnt/hd1/projects/mestrado/.venv/lib/python3.13/site-packages/jupyter_server/services/contents/handlers.py", line 114, in _finish_error
        self.write(message)
        ~~~~~~~~~~^^^^^^^^^
      File "/mnt/hd1/projects/mestrado/.venv/lib/python3.13/site-packages/tornado/web.py", line 964, in write
        raise RuntimeError("Cannot write() after finish()")
    RuntimeError: Cannot write() after finish()
[W 2025-11-27 13:48:23.271 ServerApp] 404 GET /api/contents/.venv/lib/python3.13/site-packages/langchain_core/tools/base.py?content=0&hash=0&1764262103224 (88018ac180874c64926ff0679824cc90@::1) 14.44ms referer=http://localhost:8888/lab/tree/Untitled.ipynb
[I 2025-11-27 13:48:23.271 ServerApp] Refusing to serve hidden file or directory '/mnt/hd1/projects/mestrado/.venv/lib/python3.13/site-packages/langchain_core/tools/base.py', via 404 Error
[E 2025-11-27 13:48:23.272 ServerApp] Uncaught exception GET /api/contents/.venv/lib/python3.13/site-packages/langchain_core/tools/base.py?content=0&hash=0&1764262103224 (::1)
    HTTPServerRequest(protocol='http', host='localhost:8888', method='GET', uri='/api/contents/.venv/lib/python3.13/site-packages/langchain_core/tools/base.py?content=0&hash=0&1764262103224', version='HTTP/1.1', remote_ip='::1')
    Traceback (most recent call last):
      File "/mnt/hd1/projects/mestrado/.venv/lib/python3.13/site-packages/jupyter_server/services/contents/handlers.py", line 156, in get
        model = await ensure_async(
                ^^^^^^^^^^^^^^^^^^^
        ...<7 lines>...
        )
        ^
      File "/mnt/hd1/projects/mestrado/.venv/lib/python3.13/site-packages/jupyter_core/utils/__init__.py", line 214, in ensure_async
        result = await obj
                 ^^^^^^^^^
      File "/mnt/hd1/projects/mestrado/.venv/lib/python3.13/site-packages/jupyter_server/services/contents/filemanager.py", line 928, in get
        model = await self._file_model(
                ^^^^^^^^^^^^^^^^^^^^^^^
            path, content=content, format=format, require_hash=require_hash
            ^^^^^^^^^^^^^^^^^^^^^^^^^^^^^^^^^^^^^^^^^^^^^^^^^^^^^^^^^^^^^^^
        )
        ^
      File "/mnt/hd1/projects/mestrado/.venv/lib/python3.13/site-packages/jupyter_server/services/contents/filemanager.py", line 829, in _file_model
        model = self._base_model(path)
      File "/mnt/hd1/projects/mestrado/.venv/lib/python3.13/site-packages/jupyter_server/services/contents/filemanager.py", line 237, in _base_model
        raise web.HTTPError(404, four_o_four)
    tornado.web.HTTPError: HTTP 404: Not Found (file or directory does not exist: '.venv/lib/python3.13/site-packages/langchain_core/tools/base.py')
    
    During handling of the above exception, another exception occurred:
    
    Traceback (most recent call last):
      File "/mnt/hd1/projects/mestrado/.venv/lib/python3.13/site-packages/tornado/web.py", line 1848, in _execute
        result = await result
                 ^^^^^^^^^^^^
      File "/mnt/hd1/projects/mestrado/.venv/lib/python3.13/site-packages/jupyter_server/auth/decorator.py", line 73, in inner
        return await out
               ^^^^^^^^^
      File "/mnt/hd1/projects/mestrado/.venv/lib/python3.13/site-packages/jupyter_server/services/contents/handlers.py", line 182, in get
        await self._finish_error(
            HTTPStatus.NOT_FOUND, f"file or directory {path!r} does not exist"
        )
      File "/mnt/hd1/projects/mestrado/.venv/lib/python3.13/site-packages/jupyter_server/services/contents/handlers.py", line 114, in _finish_error
        self.write(message)
        ~~~~~~~~~~^^^^^^^^^
      File "/mnt/hd1/projects/mestrado/.venv/lib/python3.13/site-packages/tornado/web.py", line 964, in write
        raise RuntimeError("Cannot write() after finish()")
    RuntimeError: Cannot write() after finish()
[W 2025-11-27 13:48:23.278 ServerApp] 404 GET /api/contents/.venv/lib/python3.13/site-packages/langchain_core/document_loaders/base.py?content=0&hash=0&1764262103240 (88018ac180874c64926ff0679824cc90@::1) 2.02ms referer=http://localhost:8888/lab/tree/Untitled.ipynb
[I 2025-11-27 13:48:23.278 ServerApp] Refusing to serve hidden file or directory '/mnt/hd1/projects/mestrado/.venv/lib/python3.13/site-packages/langchain_core/document_loaders/base.py', via 404 Error
[E 2025-11-27 13:48:23.278 ServerApp] Uncaught exception GET /api/contents/.venv/lib/python3.13/site-packages/langchain_core/document_loaders/base.py?content=0&hash=0&1764262103240 (::1)
    HTTPServerRequest(protocol='http', host='localhost:8888', method='GET', uri='/api/contents/.venv/lib/python3.13/site-packages/langchain_core/document_loaders/base.py?content=0&hash=0&1764262103240', version='HTTP/1.1', remote_ip='::1')
    Traceback (most recent call last):
      File "/mnt/hd1/projects/mestrado/.venv/lib/python3.13/site-packages/jupyter_server/services/contents/handlers.py", line 156, in get
        model = await ensure_async(
                ^^^^^^^^^^^^^^^^^^^
        ...<7 lines>...
        )
        ^
      File "/mnt/hd1/projects/mestrado/.venv/lib/python3.13/site-packages/jupyter_core/utils/__init__.py", line 214, in ensure_async
        result = await obj
                 ^^^^^^^^^
      File "/mnt/hd1/projects/mestrado/.venv/lib/python3.13/site-packages/jupyter_server/services/contents/filemanager.py", line 928, in get
        model = await self._file_model(
                ^^^^^^^^^^^^^^^^^^^^^^^
            path, content=content, format=format, require_hash=require_hash
            ^^^^^^^^^^^^^^^^^^^^^^^^^^^^^^^^^^^^^^^^^^^^^^^^^^^^^^^^^^^^^^^
        )
        ^
      File "/mnt/hd1/projects/mestrado/.venv/lib/python3.13/site-packages/jupyter_server/services/contents/filemanager.py", line 829, in _file_model
        model = self._base_model(path)
      File "/mnt/hd1/projects/mestrado/.venv/lib/python3.13/site-packages/jupyter_server/services/contents/filemanager.py", line 237, in _base_model
        raise web.HTTPError(404, four_o_four)
    tornado.web.HTTPError: HTTP 404: Not Found (file or directory does not exist: '.venv/lib/python3.13/site-packages/langchain_core/document_loaders/base.py')
    
    During handling of the above exception, another exception occurred:
    
    Traceback (most recent call last):
      File "/mnt/hd1/projects/mestrado/.venv/lib/python3.13/site-packages/tornado/web.py", line 1848, in _execute
        result = await result
                 ^^^^^^^^^^^^
      File "/mnt/hd1/projects/mestrado/.venv/lib/python3.13/site-packages/jupyter_server/auth/decorator.py", line 73, in inner
        return await out
               ^^^^^^^^^
      File "/mnt/hd1/projects/mestrado/.venv/lib/python3.13/site-packages/jupyter_server/services/contents/handlers.py", line 182, in get
        await self._finish_error(
            HTTPStatus.NOT_FOUND, f"file or directory {path!r} does not exist"
        )
      File "/mnt/hd1/projects/mestrado/.venv/lib/python3.13/site-packages/jupyter_server/services/contents/handlers.py", line 114, in _finish_error
        self.write(message)
        ~~~~~~~~~~^^^^^^^^^
      File "/mnt/hd1/projects/mestrado/.venv/lib/python3.13/site-packages/tornado/web.py", line 964, in write
        raise RuntimeError("Cannot write() after finish()")
    RuntimeError: Cannot write() after finish()
[W 2025-11-27 13:48:23.281 ServerApp] 404 GET /api/contents/.venv/lib/python3.13/site-packages/langchain_community/document_loaders/csv_loader.py?content=0&hash=0&1764262103247 (88018ac180874c64926ff0679824cc90@::1) 4.78ms referer=http://localhost:8888/lab/tree/Untitled.ipynb
[I 2025-11-27 13:48:23.282 ServerApp] Refusing to serve hidden file or directory '/mnt/hd1/projects/mestrado/.venv/lib/python3.13/site-packages/langchain_community/document_loaders/csv_loader.py', via 404 Error
[E 2025-11-27 13:48:23.282 ServerApp] Uncaught exception GET /api/contents/.venv/lib/python3.13/site-packages/langchain_community/document_loaders/csv_loader.py?content=0&hash=0&1764262103247 (::1)
    HTTPServerRequest(protocol='http', host='localhost:8888', method='GET', uri='/api/contents/.venv/lib/python3.13/site-packages/langchain_community/document_loaders/csv_loader.py?content=0&hash=0&1764262103247', version='HTTP/1.1', remote_ip='::1')
    Traceback (most recent call last):
      File "/mnt/hd1/projects/mestrado/.venv/lib/python3.13/site-packages/jupyter_server/services/contents/handlers.py", line 156, in get
        model = await ensure_async(
                ^^^^^^^^^^^^^^^^^^^
        ...<7 lines>...
        )
        ^
      File "/mnt/hd1/projects/mestrado/.venv/lib/python3.13/site-packages/jupyter_core/utils/__init__.py", line 214, in ensure_async
        result = await obj
                 ^^^^^^^^^
      File "/mnt/hd1/projects/mestrado/.venv/lib/python3.13/site-packages/jupyter_server/services/contents/filemanager.py", line 928, in get
        model = await self._file_model(
                ^^^^^^^^^^^^^^^^^^^^^^^
            path, content=content, format=format, require_hash=require_hash
            ^^^^^^^^^^^^^^^^^^^^^^^^^^^^^^^^^^^^^^^^^^^^^^^^^^^^^^^^^^^^^^^
        )
        ^
      File "/mnt/hd1/projects/mestrado/.venv/lib/python3.13/site-packages/jupyter_server/services/contents/filemanager.py", line 829, in _file_model
        model = self._base_model(path)
      File "/mnt/hd1/projects/mestrado/.venv/lib/python3.13/site-packages/jupyter_server/services/contents/filemanager.py", line 237, in _base_model
        raise web.HTTPError(404, four_o_four)
    tornado.web.HTTPError: HTTP 404: Not Found (file or directory does not exist: '.venv/lib/python3.13/site-packages/langchain_community/document_loaders/csv_loader.py')
    
    During handling of the above exception, another exception occurred:
    
    Traceback (most recent call last):
      File "/mnt/hd1/projects/mestrado/.venv/lib/python3.13/site-packages/tornado/web.py", line 1848, in _execute
        result = await result
                 ^^^^^^^^^^^^
      File "/mnt/hd1/projects/mestrado/.venv/lib/python3.13/site-packages/jupyter_server/auth/decorator.py", line 73, in inner
        return await out
               ^^^^^^^^^
      File "/mnt/hd1/projects/mestrado/.venv/lib/python3.13/site-packages/jupyter_server/services/contents/handlers.py", line 182, in get
        await self._finish_error(
            HTTPStatus.NOT_FOUND, f"file or directory {path!r} does not exist"
        )
      File "/mnt/hd1/projects/mestrado/.venv/lib/python3.13/site-packages/jupyter_server/services/contents/handlers.py", line 114, in _finish_error
        self.write(message)
        ~~~~~~~~~~^^^^^^^^^
      File "/mnt/hd1/projects/mestrado/.venv/lib/python3.13/site-packages/tornado/web.py", line 964, in write
        raise RuntimeError("Cannot write() after finish()")
    RuntimeError: Cannot write() after finish()
[I 2025-11-27 13:50:04.879 ServerApp] Saving file at /Untitled.ipynb
[I 2025-11-27 13:52:06.830 ServerApp] Saving file at /Untitled.ipynb
[I 2025-11-27 13:54:08.900 ServerApp] Saving file at /Untitled.ipynb
[W 2025-11-27 13:54:20.682 ServerApp] IOPub data rate exceeded.
    The Jupyter server will temporarily stop sending output
    to the client in order to avoid crashing it.
    To change this limit, set the config variable
    `--ServerApp.iopub_data_rate_limit`.
    
    Current values:
    ServerApp.iopub_data_rate_limit=1000000.0 (bytes/sec)
    ServerApp.rate_limit_window=3.0 (secs)
    
[I 2025-11-27 13:56:12.678 ServerApp] Saving file at /Untitled.ipynb
[W 2025-11-27 14:21:23.672 ServerApp] iopub messages resumed
[I 2025-11-27 14:23:02.749 ServerApp] Saving file at /Untitled.ipynb
[I 2025-11-27 15:05:00.888 ServerApp] Saving file at /Untitled.ipynb
[I 2025-11-27 15:07:01.360 ServerApp] Saving file at /Untitled.ipynb
[I 2025-11-27 15:07:08.267 ServerApp] Kernel restarted: 138e5395-441b-41a5-824c-da34f01a452e
[I 2025-11-27 15:07:08.301 ServerApp] Starting buffering for 138e5395-441b-41a5-824c-da34f01a452e:2beaf8b3-24b0-49c2-ab26-18bae60e7e65
[I 2025-11-27 15:07:08.311 ServerApp] Connecting to kernel 138e5395-441b-41a5-824c-da34f01a452e.
[I 2025-11-27 15:07:08.312 ServerApp] Restoring connection for 138e5395-441b-41a5-824c-da34f01a452e:2beaf8b3-24b0-49c2-ab26-18bae60e7e65
[I 2025-11-27 15:08:58.188 ServerApp] Kernel restarted: 138e5395-441b-41a5-824c-da34f01a452e
[I 2025-11-27 15:08:58.197 ServerApp] Starting buffering for 138e5395-441b-41a5-824c-da34f01a452e:2beaf8b3-24b0-49c2-ab26-18bae60e7e65
[I 2025-11-27 15:08:58.202 ServerApp] Connecting to kernel 138e5395-441b-41a5-824c-da34f01a452e.
[I 2025-11-27 15:08:58.202 ServerApp] Restoring connection for 138e5395-441b-41a5-824c-da34f01a452e:2beaf8b3-24b0-49c2-ab26-18bae60e7e65
[I 2025-11-27 15:09:01.824 ServerApp] Saving file at /Untitled.ipynb
[I 2025-11-27 15:11:02.306 ServerApp] Saving file at /Untitled.ipynb
[I 2025-11-27 15:13:02.455 ServerApp] Saving file at /Untitled.ipynb
[I 2025-11-27 16:12:22.736 ServerApp] Kernel restarted: 138e5395-441b-41a5-824c-da34f01a452e
[I 2025-11-27 16:12:22.745 ServerApp] Starting buffering for 138e5395-441b-41a5-824c-da34f01a452e:2beaf8b3-24b0-49c2-ab26-18bae60e7e65
[I 2025-11-27 16:12:22.753 ServerApp] Connecting to kernel 138e5395-441b-41a5-824c-da34f01a452e.
[I 2025-11-27 16:12:22.753 ServerApp] Restoring connection for 138e5395-441b-41a5-824c-da34f01a452e:2beaf8b3-24b0-49c2-ab26-18bae60e7e65
[I 2025-11-27 16:13:00.913 ServerApp] Saving file at /Untitled.ipynb
[I 2025-11-27 16:15:01.869 ServerApp] Saving file at /Untitled.ipynb
[I 2025-11-27 16:15:55.466 ServerApp] Saving file at /Untitled.ipynb
[I 2025-11-27 16:15:59.689 ServerApp] Creating new notebook in 
[I 2025-11-27 16:16:01.724 ServerApp] Kernel started: 939ed9de-c74b-4334-832d-622bb4fe8c0c
[I 2025-11-27 16:16:02.410 ServerApp] Connecting to kernel 939ed9de-c74b-4334-832d-622bb4fe8c0c.
[I 2025-11-27 16:18:14.248 ServerApp] Saving file at /extrai_amostra.ipynb
[I 2025-11-27 16:20:16.284 ServerApp] Saving file at /extrai_amostra.ipynb
[I 2025-11-27 16:22:17.006 ServerApp] Saving file at /extrai_amostra.ipynb
[I 2025-11-27 16:22:38.225 ServerApp] Starting buffering for 138e5395-441b-41a5-824c-da34f01a452e:2beaf8b3-24b0-49c2-ab26-18bae60e7e65
[I 2025-11-27 16:22:38.226 ServerApp] Starting buffering for 939ed9de-c74b-4334-832d-622bb4fe8c0c:6c227b2d-572e-47c8-be2c-2720e993de82
[I 2025-11-27 16:22:40.247 ServerApp] Connecting to kernel 8496a40e-2187-4fb5-9c5c-63154a2ca853.
[I 2025-11-27 16:22:40.268 ServerApp] Connecting to kernel 138e5395-441b-41a5-824c-da34f01a452e.
[I 2025-11-27 16:22:40.294 ServerApp] Connecting to kernel 939ed9de-c74b-4334-832d-622bb4fe8c0c.
[I 2025-11-27 16:22:40.724 LabApp] Build is up to date
[I 2025-11-27 16:22:40.861 ServerApp] Starting buffering for 8496a40e-2187-4fb5-9c5c-63154a2ca853:9806332e-c98d-47da-924a-e22635048820
[I 2025-11-27 16:22:40.862 ServerApp] Starting buffering for 939ed9de-c74b-4334-832d-622bb4fe8c0c:f2dbe86f-737f-409c-8f6a-4c761ece1ed0
[W 2025-11-27 16:22:40.995 ServerApp] 404 GET /api/contents/Untitled1.ipynb?content=0&hash=0&1764271360921 (88018ac180874c64926ff0679824cc90@::1) 13.93ms referer=http://localhost:8888/lab/tree/Untitled.ipynb
[W 2025-11-27 16:22:40.996 ServerApp] 404 GET /api/contents/Untitled1.ipynb?content=0&hash=0&1764271360921 (::1): No such file or directory: Untitled1.ipynb
[I 2025-11-27 16:22:42.563 ServerApp] Connecting to kernel 138e5395-441b-41a5-824c-da34f01a452e.
[I 2025-11-27 16:22:42.581 ServerApp] Connecting to kernel 939ed9de-c74b-4334-832d-622bb4fe8c0c.
[I 2025-11-27 16:26:43.174 ServerApp] Saving file at /Untitled.ipynb
[I 2025-11-27 16:32:43.870 ServerApp] Saving file at /Untitled.ipynb
[I 2025-11-27 16:48:46.378 ServerApp] Saving file at /Untitled.ipynb
[I 2025-11-27 18:54:00.877 ServerApp] Saving file at /Untitled.ipynb
[I 2025-11-27 19:44:30.292 ServerApp] Kernel restarted: 138e5395-441b-41a5-824c-da34f01a452e
[I 2025-11-27 19:44:30.301 ServerApp] Starting buffering for 138e5395-441b-41a5-824c-da34f01a452e:6cdc2f95-9571-4614-9f64-2527d87ed995
[I 2025-11-27 19:44:30.307 ServerApp] Connecting to kernel 138e5395-441b-41a5-824c-da34f01a452e.
[I 2025-11-27 19:44:30.307 ServerApp] Restoring connection for 138e5395-441b-41a5-824c-da34f01a452e:6cdc2f95-9571-4614-9f64-2527d87ed995
[I 2025-11-27 19:46:00.909 ServerApp] Saving file at /agente.ipynb
[W 2025-11-27 19:47:05.372 ServerApp] 404 GET /api/contents/.venv/lib/python3.13/site-packages/langchain_google_genai/chat_models.py?content=0&hash=0&1764283625353 (88018ac180874c64926ff0679824cc90@::1) 2.42ms referer=http://localhost:8888/lab/tree/agente.ipynb
[I 2025-11-27 19:47:05.372 ServerApp] Refusing to serve hidden file or directory '/mnt/hd1/projects/mestrado/.venv/lib/python3.13/site-packages/langchain_google_genai/chat_models.py', via 404 Error
[E 2025-11-27 19:47:05.373 ServerApp] Uncaught exception GET /api/contents/.venv/lib/python3.13/site-packages/langchain_google_genai/chat_models.py?content=0&hash=0&1764283625353 (::1)
    HTTPServerRequest(protocol='http', host='localhost:8888', method='GET', uri='/api/contents/.venv/lib/python3.13/site-packages/langchain_google_genai/chat_models.py?content=0&hash=0&1764283625353', version='HTTP/1.1', remote_ip='::1')
    Traceback (most recent call last):
      File "/mnt/hd1/projects/mestrado/.venv/lib/python3.13/site-packages/jupyter_server/services/contents/handlers.py", line 156, in get
        model = await ensure_async(
                ^^^^^^^^^^^^^^^^^^^
        ...<7 lines>...
        )
        ^
      File "/mnt/hd1/projects/mestrado/.venv/lib/python3.13/site-packages/jupyter_core/utils/__init__.py", line 214, in ensure_async
        result = await obj
                 ^^^^^^^^^
      File "/mnt/hd1/projects/mestrado/.venv/lib/python3.13/site-packages/jupyter_server/services/contents/filemanager.py", line 928, in get
        model = await self._file_model(
                ^^^^^^^^^^^^^^^^^^^^^^^
            path, content=content, format=format, require_hash=require_hash
            ^^^^^^^^^^^^^^^^^^^^^^^^^^^^^^^^^^^^^^^^^^^^^^^^^^^^^^^^^^^^^^^
        )
        ^
      File "/mnt/hd1/projects/mestrado/.venv/lib/python3.13/site-packages/jupyter_server/services/contents/filemanager.py", line 829, in _file_model
        model = self._base_model(path)
      File "/mnt/hd1/projects/mestrado/.venv/lib/python3.13/site-packages/jupyter_server/services/contents/filemanager.py", line 237, in _base_model
        raise web.HTTPError(404, four_o_four)
    tornado.web.HTTPError: HTTP 404: Not Found (file or directory does not exist: '.venv/lib/python3.13/site-packages/langchain_google_genai/chat_models.py')
    
    During handling of the above exception, another exception occurred:
    
    Traceback (most recent call last):
      File "/mnt/hd1/projects/mestrado/.venv/lib/python3.13/site-packages/tornado/web.py", line 1848, in _execute
        result = await result
                 ^^^^^^^^^^^^
      File "/mnt/hd1/projects/mestrado/.venv/lib/python3.13/site-packages/jupyter_server/auth/decorator.py", line 73, in inner
        return await out
               ^^^^^^^^^
      File "/mnt/hd1/projects/mestrado/.venv/lib/python3.13/site-packages/jupyter_server/services/contents/handlers.py", line 182, in get
        await self._finish_error(
            HTTPStatus.NOT_FOUND, f"file or directory {path!r} does not exist"
        )
      File "/mnt/hd1/projects/mestrado/.venv/lib/python3.13/site-packages/jupyter_server/services/contents/handlers.py", line 114, in _finish_error
        self.write(message)
        ~~~~~~~~~~^^^^^^^^^
      File "/mnt/hd1/projects/mestrado/.venv/lib/python3.13/site-packages/tornado/web.py", line 964, in write
        raise RuntimeError("Cannot write() after finish()")
    RuntimeError: Cannot write() after finish()
[W 2025-11-27 19:47:05.388 ServerApp] 404 GET /api/contents/.venv/lib/python3.13/site-packages/google/ai/generativelanguage_v1beta/services/generative_service/transports/base.py?content=0&hash=0&1764283625359 (88018ac180874c64926ff0679824cc90@::1) 2.24ms referer=http://localhost:8888/lab/tree/agente.ipynb
[I 2025-11-27 19:47:05.389 ServerApp] Refusing to serve hidden file or directory '/mnt/hd1/projects/mestrado/.venv/lib/python3.13/site-packages/google/ai/generativelanguage_v1beta/services/generative_service/transports/base.py', via 404 Error
[E 2025-11-27 19:47:05.389 ServerApp] Uncaught exception GET /api/contents/.venv/lib/python3.13/site-packages/google/ai/generativelanguage_v1beta/services/generative_service/transports/base.py?content=0&hash=0&1764283625359 (::1)
    HTTPServerRequest(protocol='http', host='localhost:8888', method='GET', uri='/api/contents/.venv/lib/python3.13/site-packages/google/ai/generativelanguage_v1beta/services/generative_service/transports/base.py?content=0&hash=0&1764283625359', version='HTTP/1.1', remote_ip='::1')
    Traceback (most recent call last):
      File "/mnt/hd1/projects/mestrado/.venv/lib/python3.13/site-packages/jupyter_server/services/contents/handlers.py", line 156, in get
        model = await ensure_async(
                ^^^^^^^^^^^^^^^^^^^
        ...<7 lines>...
        )
        ^
      File "/mnt/hd1/projects/mestrado/.venv/lib/python3.13/site-packages/jupyter_core/utils/__init__.py", line 214, in ensure_async
        result = await obj
                 ^^^^^^^^^
      File "/mnt/hd1/projects/mestrado/.venv/lib/python3.13/site-packages/jupyter_server/services/contents/filemanager.py", line 928, in get
        model = await self._file_model(
                ^^^^^^^^^^^^^^^^^^^^^^^
            path, content=content, format=format, require_hash=require_hash
            ^^^^^^^^^^^^^^^^^^^^^^^^^^^^^^^^^^^^^^^^^^^^^^^^^^^^^^^^^^^^^^^
        )
        ^
      File "/mnt/hd1/projects/mestrado/.venv/lib/python3.13/site-packages/jupyter_server/services/contents/filemanager.py", line 829, in _file_model
        model = self._base_model(path)
      File "/mnt/hd1/projects/mestrado/.venv/lib/python3.13/site-packages/jupyter_server/services/contents/filemanager.py", line 237, in _base_model
        raise web.HTTPError(404, four_o_four)
    tornado.web.HTTPError: HTTP 404: Not Found (file or directory does not exist: '.venv/lib/python3.13/site-packages/google/ai/generativelanguage_v1beta/services/generative_service/transports/base.py')
    
    During handling of the above exception, another exception occurred:
    
    Traceback (most recent call last):
      File "/mnt/hd1/projects/mestrado/.venv/lib/python3.13/site-packages/tornado/web.py", line 1848, in _execute
        result = await result
                 ^^^^^^^^^^^^
      File "/mnt/hd1/projects/mestrado/.venv/lib/python3.13/site-packages/jupyter_server/auth/decorator.py", line 73, in inner
        return await out
               ^^^^^^^^^
      File "/mnt/hd1/projects/mestrado/.venv/lib/python3.13/site-packages/jupyter_server/services/contents/handlers.py", line 182, in get
        await self._finish_error(
            HTTPStatus.NOT_FOUND, f"file or directory {path!r} does not exist"
        )
      File "/mnt/hd1/projects/mestrado/.venv/lib/python3.13/site-packages/jupyter_server/services/contents/handlers.py", line 114, in _finish_error
        self.write(message)
        ~~~~~~~~~~^^^^^^^^^
      File "/mnt/hd1/projects/mestrado/.venv/lib/python3.13/site-packages/tornado/web.py", line 964, in write
        raise RuntimeError("Cannot write() after finish()")
    RuntimeError: Cannot write() after finish()
[W 2025-11-27 19:47:05.397 ServerApp] 404 GET /api/contents/.venv/lib/python3.13/site-packages/langchain_core/load/serializable.py?content=0&hash=0&1764283625354 (88018ac180874c64926ff0679824cc90@::1) 3.77ms referer=http://localhost:8888/lab/tree/agente.ipynb
[I 2025-11-27 19:47:05.397 ServerApp] Refusing to serve hidden file or directory '/mnt/hd1/projects/mestrado/.venv/lib/python3.13/site-packages/langchain_core/load/serializable.py', via 404 Error
[E 2025-11-27 19:47:05.398 ServerApp] Uncaught exception GET /api/contents/.venv/lib/python3.13/site-packages/langchain_core/load/serializable.py?content=0&hash=0&1764283625354 (::1)
    HTTPServerRequest(protocol='http', host='localhost:8888', method='GET', uri='/api/contents/.venv/lib/python3.13/site-packages/langchain_core/load/serializable.py?content=0&hash=0&1764283625354', version='HTTP/1.1', remote_ip='::1')
    Traceback (most recent call last):
      File "/mnt/hd1/projects/mestrado/.venv/lib/python3.13/site-packages/jupyter_server/services/contents/handlers.py", line 156, in get
        model = await ensure_async(
                ^^^^^^^^^^^^^^^^^^^
        ...<7 lines>...
        )
        ^
      File "/mnt/hd1/projects/mestrado/.venv/lib/python3.13/site-packages/jupyter_core/utils/__init__.py", line 214, in ensure_async
        result = await obj
                 ^^^^^^^^^
      File "/mnt/hd1/projects/mestrado/.venv/lib/python3.13/site-packages/jupyter_server/services/contents/filemanager.py", line 928, in get
        model = await self._file_model(
                ^^^^^^^^^^^^^^^^^^^^^^^
            path, content=content, format=format, require_hash=require_hash
            ^^^^^^^^^^^^^^^^^^^^^^^^^^^^^^^^^^^^^^^^^^^^^^^^^^^^^^^^^^^^^^^
        )
        ^
      File "/mnt/hd1/projects/mestrado/.venv/lib/python3.13/site-packages/jupyter_server/services/contents/filemanager.py", line 829, in _file_model
        model = self._base_model(path)
      File "/mnt/hd1/projects/mestrado/.venv/lib/python3.13/site-packages/jupyter_server/services/contents/filemanager.py", line 237, in _base_model
        raise web.HTTPError(404, four_o_four)
    tornado.web.HTTPError: HTTP 404: Not Found (file or directory does not exist: '.venv/lib/python3.13/site-packages/langchain_core/load/serializable.py')
    
    During handling of the above exception, another exception occurred:
    
    Traceback (most recent call last):
      File "/mnt/hd1/projects/mestrado/.venv/lib/python3.13/site-packages/tornado/web.py", line 1848, in _execute
        result = await result
                 ^^^^^^^^^^^^
      File "/mnt/hd1/projects/mestrado/.venv/lib/python3.13/site-packages/jupyter_server/auth/decorator.py", line 73, in inner
        return await out
               ^^^^^^^^^
      File "/mnt/hd1/projects/mestrado/.venv/lib/python3.13/site-packages/jupyter_server/services/contents/handlers.py", line 182, in get
        await self._finish_error(
            HTTPStatus.NOT_FOUND, f"file or directory {path!r} does not exist"
        )
      File "/mnt/hd1/projects/mestrado/.venv/lib/python3.13/site-packages/jupyter_server/services/contents/handlers.py", line 114, in _finish_error
        self.write(message)
        ~~~~~~~~~~^^^^^^^^^
      File "/mnt/hd1/projects/mestrado/.venv/lib/python3.13/site-packages/tornado/web.py", line 964, in write
        raise RuntimeError("Cannot write() after finish()")
    RuntimeError: Cannot write() after finish()
[W 2025-11-27 19:47:05.402 ServerApp] 404 GET /api/contents/.venv/lib/python3.13/site-packages/langchain_google_genai/chat_models.py?content=0&hash=0&1764283625355 (88018ac180874c64926ff0679824cc90@::1) 8.36ms referer=http://localhost:8888/lab/tree/agente.ipynb
[I 2025-11-27 19:47:05.402 ServerApp] Refusing to serve hidden file or directory '/mnt/hd1/projects/mestrado/.venv/lib/python3.13/site-packages/langchain_google_genai/chat_models.py', via 404 Error
[E 2025-11-27 19:47:05.402 ServerApp] Uncaught exception GET /api/contents/.venv/lib/python3.13/site-packages/langchain_google_genai/chat_models.py?content=0&hash=0&1764283625355 (::1)
    HTTPServerRequest(protocol='http', host='localhost:8888', method='GET', uri='/api/contents/.venv/lib/python3.13/site-packages/langchain_google_genai/chat_models.py?content=0&hash=0&1764283625355', version='HTTP/1.1', remote_ip='::1')
    Traceback (most recent call last):
      File "/mnt/hd1/projects/mestrado/.venv/lib/python3.13/site-packages/jupyter_server/services/contents/handlers.py", line 156, in get
        model = await ensure_async(
                ^^^^^^^^^^^^^^^^^^^
        ...<7 lines>...
        )
        ^
      File "/mnt/hd1/projects/mestrado/.venv/lib/python3.13/site-packages/jupyter_core/utils/__init__.py", line 214, in ensure_async
        result = await obj
                 ^^^^^^^^^
      File "/mnt/hd1/projects/mestrado/.venv/lib/python3.13/site-packages/jupyter_server/services/contents/filemanager.py", line 928, in get
        model = await self._file_model(
                ^^^^^^^^^^^^^^^^^^^^^^^
            path, content=content, format=format, require_hash=require_hash
            ^^^^^^^^^^^^^^^^^^^^^^^^^^^^^^^^^^^^^^^^^^^^^^^^^^^^^^^^^^^^^^^
        )
        ^
      File "/mnt/hd1/projects/mestrado/.venv/lib/python3.13/site-packages/jupyter_server/services/contents/filemanager.py", line 829, in _file_model
        model = self._base_model(path)
      File "/mnt/hd1/projects/mestrado/.venv/lib/python3.13/site-packages/jupyter_server/services/contents/filemanager.py", line 237, in _base_model
        raise web.HTTPError(404, four_o_four)
    tornado.web.HTTPError: HTTP 404: Not Found (file or directory does not exist: '.venv/lib/python3.13/site-packages/langchain_google_genai/chat_models.py')
    
    During handling of the above exception, another exception occurred:
    
    Traceback (most recent call last):
      File "/mnt/hd1/projects/mestrado/.venv/lib/python3.13/site-packages/tornado/web.py", line 1848, in _execute
        result = await result
                 ^^^^^^^^^^^^
      File "/mnt/hd1/projects/mestrado/.venv/lib/python3.13/site-packages/jupyter_server/auth/decorator.py", line 73, in inner
        return await out
               ^^^^^^^^^
      File "/mnt/hd1/projects/mestrado/.venv/lib/python3.13/site-packages/jupyter_server/services/contents/handlers.py", line 182, in get
        await self._finish_error(
            HTTPStatus.NOT_FOUND, f"file or directory {path!r} does not exist"
        )
      File "/mnt/hd1/projects/mestrado/.venv/lib/python3.13/site-packages/jupyter_server/services/contents/handlers.py", line 114, in _finish_error
        self.write(message)
        ~~~~~~~~~~^^^^^^^^^
      File "/mnt/hd1/projects/mestrado/.venv/lib/python3.13/site-packages/tornado/web.py", line 964, in write
        raise RuntimeError("Cannot write() after finish()")
    RuntimeError: Cannot write() after finish()
[W 2025-11-27 19:47:05.406 ServerApp] 404 GET /api/contents/.venv/lib/python3.13/site-packages/langchain_google_genai/_genai_extension.py?content=0&hash=0&1764283625356 (88018ac180874c64926ff0679824cc90@::1) 12.50ms referer=http://localhost:8888/lab/tree/agente.ipynb
[I 2025-11-27 19:47:05.407 ServerApp] Refusing to serve hidden file or directory '/mnt/hd1/projects/mestrado/.venv/lib/python3.13/site-packages/langchain_google_genai/_genai_extension.py', via 404 Error
[E 2025-11-27 19:47:05.407 ServerApp] Uncaught exception GET /api/contents/.venv/lib/python3.13/site-packages/langchain_google_genai/_genai_extension.py?content=0&hash=0&1764283625356 (::1)
    HTTPServerRequest(protocol='http', host='localhost:8888', method='GET', uri='/api/contents/.venv/lib/python3.13/site-packages/langchain_google_genai/_genai_extension.py?content=0&hash=0&1764283625356', version='HTTP/1.1', remote_ip='::1')
    Traceback (most recent call last):
      File "/mnt/hd1/projects/mestrado/.venv/lib/python3.13/site-packages/jupyter_server/services/contents/handlers.py", line 156, in get
        model = await ensure_async(
                ^^^^^^^^^^^^^^^^^^^
        ...<7 lines>...
        )
        ^
      File "/mnt/hd1/projects/mestrado/.venv/lib/python3.13/site-packages/jupyter_core/utils/__init__.py", line 214, in ensure_async
        result = await obj
                 ^^^^^^^^^
      File "/mnt/hd1/projects/mestrado/.venv/lib/python3.13/site-packages/jupyter_server/services/contents/filemanager.py", line 928, in get
        model = await self._file_model(
                ^^^^^^^^^^^^^^^^^^^^^^^
            path, content=content, format=format, require_hash=require_hash
            ^^^^^^^^^^^^^^^^^^^^^^^^^^^^^^^^^^^^^^^^^^^^^^^^^^^^^^^^^^^^^^^
        )
        ^
      File "/mnt/hd1/projects/mestrado/.venv/lib/python3.13/site-packages/jupyter_server/services/contents/filemanager.py", line 829, in _file_model
        model = self._base_model(path)
      File "/mnt/hd1/projects/mestrado/.venv/lib/python3.13/site-packages/jupyter_server/services/contents/filemanager.py", line 237, in _base_model
        raise web.HTTPError(404, four_o_four)
    tornado.web.HTTPError: HTTP 404: Not Found (file or directory does not exist: '.venv/lib/python3.13/site-packages/langchain_google_genai/_genai_extension.py')
    
    During handling of the above exception, another exception occurred:
    
    Traceback (most recent call last):
      File "/mnt/hd1/projects/mestrado/.venv/lib/python3.13/site-packages/tornado/web.py", line 1848, in _execute
        result = await result
                 ^^^^^^^^^^^^
      File "/mnt/hd1/projects/mestrado/.venv/lib/python3.13/site-packages/jupyter_server/auth/decorator.py", line 73, in inner
        return await out
               ^^^^^^^^^
      File "/mnt/hd1/projects/mestrado/.venv/lib/python3.13/site-packages/jupyter_server/services/contents/handlers.py", line 182, in get
        await self._finish_error(
            HTTPStatus.NOT_FOUND, f"file or directory {path!r} does not exist"
        )
      File "/mnt/hd1/projects/mestrado/.venv/lib/python3.13/site-packages/jupyter_server/services/contents/handlers.py", line 114, in _finish_error
        self.write(message)
        ~~~~~~~~~~^^^^^^^^^
      File "/mnt/hd1/projects/mestrado/.venv/lib/python3.13/site-packages/tornado/web.py", line 964, in write
        raise RuntimeError("Cannot write() after finish()")
    RuntimeError: Cannot write() after finish()
[W 2025-11-27 19:47:05.410 ServerApp] 404 GET /api/contents/.venv/lib/python3.13/site-packages/google/ai/generativelanguage_v1beta/services/generative_service/client.py?content=0&hash=0&1764283625357 (88018ac180874c64926ff0679824cc90@::1) 15.58ms referer=http://localhost:8888/lab/tree/agente.ipynb
[I 2025-11-27 19:47:05.410 ServerApp] Refusing to serve hidden file or directory '/mnt/hd1/projects/mestrado/.venv/lib/python3.13/site-packages/google/ai/generativelanguage_v1beta/services/generative_service/client.py', via 404 Error
[E 2025-11-27 19:47:05.410 ServerApp] Uncaught exception GET /api/contents/.venv/lib/python3.13/site-packages/google/ai/generativelanguage_v1beta/services/generative_service/client.py?content=0&hash=0&1764283625357 (::1)
    HTTPServerRequest(protocol='http', host='localhost:8888', method='GET', uri='/api/contents/.venv/lib/python3.13/site-packages/google/ai/generativelanguage_v1beta/services/generative_service/client.py?content=0&hash=0&1764283625357', version='HTTP/1.1', remote_ip='::1')
    Traceback (most recent call last):
      File "/mnt/hd1/projects/mestrado/.venv/lib/python3.13/site-packages/jupyter_server/services/contents/handlers.py", line 156, in get
        model = await ensure_async(
                ^^^^^^^^^^^^^^^^^^^
        ...<7 lines>...
        )
        ^
      File "/mnt/hd1/projects/mestrado/.venv/lib/python3.13/site-packages/jupyter_core/utils/__init__.py", line 214, in ensure_async
        result = await obj
                 ^^^^^^^^^
      File "/mnt/hd1/projects/mestrado/.venv/lib/python3.13/site-packages/jupyter_server/services/contents/filemanager.py", line 928, in get
        model = await self._file_model(
                ^^^^^^^^^^^^^^^^^^^^^^^
            path, content=content, format=format, require_hash=require_hash
            ^^^^^^^^^^^^^^^^^^^^^^^^^^^^^^^^^^^^^^^^^^^^^^^^^^^^^^^^^^^^^^^
        )
        ^
      File "/mnt/hd1/projects/mestrado/.venv/lib/python3.13/site-packages/jupyter_server/services/contents/filemanager.py", line 829, in _file_model
        model = self._base_model(path)
      File "/mnt/hd1/projects/mestrado/.venv/lib/python3.13/site-packages/jupyter_server/services/contents/filemanager.py", line 237, in _base_model
        raise web.HTTPError(404, four_o_four)
    tornado.web.HTTPError: HTTP 404: Not Found (file or directory does not exist: '.venv/lib/python3.13/site-packages/google/ai/generativelanguage_v1beta/services/generative_service/client.py')
    
    During handling of the above exception, another exception occurred:
    
    Traceback (most recent call last):
      File "/mnt/hd1/projects/mestrado/.venv/lib/python3.13/site-packages/tornado/web.py", line 1848, in _execute
        result = await result
                 ^^^^^^^^^^^^
      File "/mnt/hd1/projects/mestrado/.venv/lib/python3.13/site-packages/jupyter_server/auth/decorator.py", line 73, in inner
        return await out
               ^^^^^^^^^
      File "/mnt/hd1/projects/mestrado/.venv/lib/python3.13/site-packages/jupyter_server/services/contents/handlers.py", line 182, in get
        await self._finish_error(
            HTTPStatus.NOT_FOUND, f"file or directory {path!r} does not exist"
        )
      File "/mnt/hd1/projects/mestrado/.venv/lib/python3.13/site-packages/jupyter_server/services/contents/handlers.py", line 114, in _finish_error
        self.write(message)
        ~~~~~~~~~~^^^^^^^^^
      File "/mnt/hd1/projects/mestrado/.venv/lib/python3.13/site-packages/tornado/web.py", line 964, in write
        raise RuntimeError("Cannot write() after finish()")
    RuntimeError: Cannot write() after finish()
[W 2025-11-27 19:47:05.413 ServerApp] 404 GET /api/contents/.venv/lib/python3.13/site-packages/google/ai/generativelanguage_v1beta/services/generative_service/transports/grpc.py?content=0&hash=0&1764283625358 (88018ac180874c64926ff0679824cc90@::1) 17.94ms referer=http://localhost:8888/lab/tree/agente.ipynb
[I 2025-11-27 19:47:05.413 ServerApp] Refusing to serve hidden file or directory '/mnt/hd1/projects/mestrado/.venv/lib/python3.13/site-packages/google/ai/generativelanguage_v1beta/services/generative_service/transports/grpc.py', via 404 Error
[E 2025-11-27 19:47:05.413 ServerApp] Uncaught exception GET /api/contents/.venv/lib/python3.13/site-packages/google/ai/generativelanguage_v1beta/services/generative_service/transports/grpc.py?content=0&hash=0&1764283625358 (::1)
    HTTPServerRequest(protocol='http', host='localhost:8888', method='GET', uri='/api/contents/.venv/lib/python3.13/site-packages/google/ai/generativelanguage_v1beta/services/generative_service/transports/grpc.py?content=0&hash=0&1764283625358', version='HTTP/1.1', remote_ip='::1')
    Traceback (most recent call last):
      File "/mnt/hd1/projects/mestrado/.venv/lib/python3.13/site-packages/jupyter_server/services/contents/handlers.py", line 156, in get
        model = await ensure_async(
                ^^^^^^^^^^^^^^^^^^^
        ...<7 lines>...
        )
        ^
      File "/mnt/hd1/projects/mestrado/.venv/lib/python3.13/site-packages/jupyter_core/utils/__init__.py", line 214, in ensure_async
        result = await obj
                 ^^^^^^^^^
      File "/mnt/hd1/projects/mestrado/.venv/lib/python3.13/site-packages/jupyter_server/services/contents/filemanager.py", line 928, in get
        model = await self._file_model(
                ^^^^^^^^^^^^^^^^^^^^^^^
            path, content=content, format=format, require_hash=require_hash
            ^^^^^^^^^^^^^^^^^^^^^^^^^^^^^^^^^^^^^^^^^^^^^^^^^^^^^^^^^^^^^^^
        )
        ^
      File "/mnt/hd1/projects/mestrado/.venv/lib/python3.13/site-packages/jupyter_server/services/contents/filemanager.py", line 829, in _file_model
        model = self._base_model(path)
      File "/mnt/hd1/projects/mestrado/.venv/lib/python3.13/site-packages/jupyter_server/services/contents/filemanager.py", line 237, in _base_model
        raise web.HTTPError(404, four_o_four)
    tornado.web.HTTPError: HTTP 404: Not Found (file or directory does not exist: '.venv/lib/python3.13/site-packages/google/ai/generativelanguage_v1beta/services/generative_service/transports/grpc.py')
    
    During handling of the above exception, another exception occurred:
    
    Traceback (most recent call last):
      File "/mnt/hd1/projects/mestrado/.venv/lib/python3.13/site-packages/tornado/web.py", line 1848, in _execute
        result = await result
                 ^^^^^^^^^^^^
      File "/mnt/hd1/projects/mestrado/.venv/lib/python3.13/site-packages/jupyter_server/auth/decorator.py", line 73, in inner
        return await out
               ^^^^^^^^^
      File "/mnt/hd1/projects/mestrado/.venv/lib/python3.13/site-packages/jupyter_server/services/contents/handlers.py", line 182, in get
        await self._finish_error(
            HTTPStatus.NOT_FOUND, f"file or directory {path!r} does not exist"
        )
      File "/mnt/hd1/projects/mestrado/.venv/lib/python3.13/site-packages/jupyter_server/services/contents/handlers.py", line 114, in _finish_error
        self.write(message)
        ~~~~~~~~~~^^^^^^^^^
      File "/mnt/hd1/projects/mestrado/.venv/lib/python3.13/site-packages/tornado/web.py", line 964, in write
        raise RuntimeError("Cannot write() after finish()")
    RuntimeError: Cannot write() after finish()
[W 2025-11-27 19:47:05.416 ServerApp] 404 GET /api/contents/.venv/lib/python3.13/site-packages/google/auth/_default.py?content=0&hash=0&1764283625360 (88018ac180874c64926ff0679824cc90@::1) 1.04ms referer=http://localhost:8888/lab/tree/agente.ipynb
[I 2025-11-27 19:47:05.417 ServerApp] Refusing to serve hidden file or directory '/mnt/hd1/projects/mestrado/.venv/lib/python3.13/site-packages/google/auth/_default.py', via 404 Error
[E 2025-11-27 19:47:05.417 ServerApp] Uncaught exception GET /api/contents/.venv/lib/python3.13/site-packages/google/auth/_default.py?content=0&hash=0&1764283625360 (::1)
    HTTPServerRequest(protocol='http', host='localhost:8888', method='GET', uri='/api/contents/.venv/lib/python3.13/site-packages/google/auth/_default.py?content=0&hash=0&1764283625360', version='HTTP/1.1', remote_ip='::1')
    Traceback (most recent call last):
      File "/mnt/hd1/projects/mestrado/.venv/lib/python3.13/site-packages/jupyter_server/services/contents/handlers.py", line 156, in get
        model = await ensure_async(
                ^^^^^^^^^^^^^^^^^^^
        ...<7 lines>...
        )
        ^
      File "/mnt/hd1/projects/mestrado/.venv/lib/python3.13/site-packages/jupyter_core/utils/__init__.py", line 214, in ensure_async
        result = await obj
                 ^^^^^^^^^
      File "/mnt/hd1/projects/mestrado/.venv/lib/python3.13/site-packages/jupyter_server/services/contents/filemanager.py", line 928, in get
        model = await self._file_model(
                ^^^^^^^^^^^^^^^^^^^^^^^
            path, content=content, format=format, require_hash=require_hash
            ^^^^^^^^^^^^^^^^^^^^^^^^^^^^^^^^^^^^^^^^^^^^^^^^^^^^^^^^^^^^^^^
        )
        ^
      File "/mnt/hd1/projects/mestrado/.venv/lib/python3.13/site-packages/jupyter_server/services/contents/filemanager.py", line 829, in _file_model
        model = self._base_model(path)
      File "/mnt/hd1/projects/mestrado/.venv/lib/python3.13/site-packages/jupyter_server/services/contents/filemanager.py", line 237, in _base_model
        raise web.HTTPError(404, four_o_four)
    tornado.web.HTTPError: HTTP 404: Not Found (file or directory does not exist: '.venv/lib/python3.13/site-packages/google/auth/_default.py')
    
    During handling of the above exception, another exception occurred:
    
    Traceback (most recent call last):
      File "/mnt/hd1/projects/mestrado/.venv/lib/python3.13/site-packages/tornado/web.py", line 1848, in _execute
        result = await result
                 ^^^^^^^^^^^^
      File "/mnt/hd1/projects/mestrado/.venv/lib/python3.13/site-packages/jupyter_server/auth/decorator.py", line 73, in inner
        return await out
               ^^^^^^^^^
      File "/mnt/hd1/projects/mestrado/.venv/lib/python3.13/site-packages/jupyter_server/services/contents/handlers.py", line 182, in get
        await self._finish_error(
            HTTPStatus.NOT_FOUND, f"file or directory {path!r} does not exist"
        )
      File "/mnt/hd1/projects/mestrado/.venv/lib/python3.13/site-packages/jupyter_server/services/contents/handlers.py", line 114, in _finish_error
        self.write(message)
        ~~~~~~~~~~^^^^^^^^^
      File "/mnt/hd1/projects/mestrado/.venv/lib/python3.13/site-packages/tornado/web.py", line 964, in write
        raise RuntimeError("Cannot write() after finish()")
    RuntimeError: Cannot write() after finish()
[I 2025-11-27 19:48:01.878 ServerApp] Saving file at /agente.ipynb
[W 2025-11-27 20:43:28.290 ServerApp] 404 GET /api/contents/.venv/lib/python3.13/site-packages/langchain_google_genai/chat_models.py?content=0&hash=0&1764287008280 (88018ac180874c64926ff0679824cc90@::1) 1.29ms referer=http://localhost:8888/lab/tree/agente.ipynb
[I 2025-11-27 20:43:28.290 ServerApp] Refusing to serve hidden file or directory '/mnt/hd1/projects/mestrado/.venv/lib/python3.13/site-packages/langchain_google_genai/chat_models.py', via 404 Error
[E 2025-11-27 20:43:28.290 ServerApp] Uncaught exception GET /api/contents/.venv/lib/python3.13/site-packages/langchain_google_genai/chat_models.py?content=0&hash=0&1764287008280 (::1)
    HTTPServerRequest(protocol='http', host='localhost:8888', method='GET', uri='/api/contents/.venv/lib/python3.13/site-packages/langchain_google_genai/chat_models.py?content=0&hash=0&1764287008280', version='HTTP/1.1', remote_ip='::1')
    Traceback (most recent call last):
      File "/mnt/hd1/projects/mestrado/.venv/lib/python3.13/site-packages/jupyter_server/services/contents/handlers.py", line 156, in get
        model = await ensure_async(
                ^^^^^^^^^^^^^^^^^^^
        ...<7 lines>...
        )
        ^
      File "/mnt/hd1/projects/mestrado/.venv/lib/python3.13/site-packages/jupyter_core/utils/__init__.py", line 214, in ensure_async
        result = await obj
                 ^^^^^^^^^
      File "/mnt/hd1/projects/mestrado/.venv/lib/python3.13/site-packages/jupyter_server/services/contents/filemanager.py", line 928, in get
        model = await self._file_model(
                ^^^^^^^^^^^^^^^^^^^^^^^
            path, content=content, format=format, require_hash=require_hash
            ^^^^^^^^^^^^^^^^^^^^^^^^^^^^^^^^^^^^^^^^^^^^^^^^^^^^^^^^^^^^^^^
        )
        ^
      File "/mnt/hd1/projects/mestrado/.venv/lib/python3.13/site-packages/jupyter_server/services/contents/filemanager.py", line 829, in _file_model
        model = self._base_model(path)
      File "/mnt/hd1/projects/mestrado/.venv/lib/python3.13/site-packages/jupyter_server/services/contents/filemanager.py", line 237, in _base_model
        raise web.HTTPError(404, four_o_four)
    tornado.web.HTTPError: HTTP 404: Not Found (file or directory does not exist: '.venv/lib/python3.13/site-packages/langchain_google_genai/chat_models.py')
    
    During handling of the above exception, another exception occurred:
    
    Traceback (most recent call last):
      File "/mnt/hd1/projects/mestrado/.venv/lib/python3.13/site-packages/tornado/web.py", line 1848, in _execute
        result = await result
                 ^^^^^^^^^^^^
      File "/mnt/hd1/projects/mestrado/.venv/lib/python3.13/site-packages/jupyter_server/auth/decorator.py", line 73, in inner
        return await out
               ^^^^^^^^^
      File "/mnt/hd1/projects/mestrado/.venv/lib/python3.13/site-packages/jupyter_server/services/contents/handlers.py", line 182, in get
        await self._finish_error(
            HTTPStatus.NOT_FOUND, f"file or directory {path!r} does not exist"
        )
      File "/mnt/hd1/projects/mestrado/.venv/lib/python3.13/site-packages/jupyter_server/services/contents/handlers.py", line 114, in _finish_error
        self.write(message)
        ~~~~~~~~~~^^^^^^^^^
      File "/mnt/hd1/projects/mestrado/.venv/lib/python3.13/site-packages/tornado/web.py", line 964, in write
        raise RuntimeError("Cannot write() after finish()")
    RuntimeError: Cannot write() after finish()
[W 2025-11-27 20:43:28.295 ServerApp] 404 GET /api/contents/.venv/lib/python3.13/site-packages/langchain_core/load/serializable.py?content=0&hash=0&1764287008281 (88018ac180874c64926ff0679824cc90@::1) 1.91ms referer=http://localhost:8888/lab/tree/agente.ipynb
[I 2025-11-27 20:43:28.296 ServerApp] Refusing to serve hidden file or directory '/mnt/hd1/projects/mestrado/.venv/lib/python3.13/site-packages/langchain_core/load/serializable.py', via 404 Error
[E 2025-11-27 20:43:28.296 ServerApp] Uncaught exception GET /api/contents/.venv/lib/python3.13/site-packages/langchain_core/load/serializable.py?content=0&hash=0&1764287008281 (::1)
    HTTPServerRequest(protocol='http', host='localhost:8888', method='GET', uri='/api/contents/.venv/lib/python3.13/site-packages/langchain_core/load/serializable.py?content=0&hash=0&1764287008281', version='HTTP/1.1', remote_ip='::1')
    Traceback (most recent call last):
      File "/mnt/hd1/projects/mestrado/.venv/lib/python3.13/site-packages/jupyter_server/services/contents/handlers.py", line 156, in get
        model = await ensure_async(
                ^^^^^^^^^^^^^^^^^^^
        ...<7 lines>...
        )
        ^
      File "/mnt/hd1/projects/mestrado/.venv/lib/python3.13/site-packages/jupyter_core/utils/__init__.py", line 214, in ensure_async
        result = await obj
                 ^^^^^^^^^
      File "/mnt/hd1/projects/mestrado/.venv/lib/python3.13/site-packages/jupyter_server/services/contents/filemanager.py", line 928, in get
        model = await self._file_model(
                ^^^^^^^^^^^^^^^^^^^^^^^
            path, content=content, format=format, require_hash=require_hash
            ^^^^^^^^^^^^^^^^^^^^^^^^^^^^^^^^^^^^^^^^^^^^^^^^^^^^^^^^^^^^^^^
        )
        ^
      File "/mnt/hd1/projects/mestrado/.venv/lib/python3.13/site-packages/jupyter_server/services/contents/filemanager.py", line 829, in _file_model
        model = self._base_model(path)
      File "/mnt/hd1/projects/mestrado/.venv/lib/python3.13/site-packages/jupyter_server/services/contents/filemanager.py", line 237, in _base_model
        raise web.HTTPError(404, four_o_four)
    tornado.web.HTTPError: HTTP 404: Not Found (file or directory does not exist: '.venv/lib/python3.13/site-packages/langchain_core/load/serializable.py')
    
    During handling of the above exception, another exception occurred:
    
    Traceback (most recent call last):
      File "/mnt/hd1/projects/mestrado/.venv/lib/python3.13/site-packages/tornado/web.py", line 1848, in _execute
        result = await result
                 ^^^^^^^^^^^^
      File "/mnt/hd1/projects/mestrado/.venv/lib/python3.13/site-packages/jupyter_server/auth/decorator.py", line 73, in inner
        return await out
               ^^^^^^^^^
      File "/mnt/hd1/projects/mestrado/.venv/lib/python3.13/site-packages/jupyter_server/services/contents/handlers.py", line 182, in get
        await self._finish_error(
            HTTPStatus.NOT_FOUND, f"file or directory {path!r} does not exist"
        )
      File "/mnt/hd1/projects/mestrado/.venv/lib/python3.13/site-packages/jupyter_server/services/contents/handlers.py", line 114, in _finish_error
        self.write(message)
        ~~~~~~~~~~^^^^^^^^^
      File "/mnt/hd1/projects/mestrado/.venv/lib/python3.13/site-packages/tornado/web.py", line 964, in write
        raise RuntimeError("Cannot write() after finish()")
    RuntimeError: Cannot write() after finish()
[W 2025-11-27 20:43:28.299 ServerApp] 404 GET /api/contents/.venv/lib/python3.13/site-packages/google/ai/generativelanguage_v1beta/services/generative_service/client.py?content=0&hash=0&1764287008284 (88018ac180874c64926ff0679824cc90@::1) 4.86ms referer=http://localhost:8888/lab/tree/agente.ipynb
[I 2025-11-27 20:43:28.299 ServerApp] Refusing to serve hidden file or directory '/mnt/hd1/projects/mestrado/.venv/lib/python3.13/site-packages/google/ai/generativelanguage_v1beta/services/generative_service/client.py', via 404 Error
[E 2025-11-27 20:43:28.300 ServerApp] Uncaught exception GET /api/contents/.venv/lib/python3.13/site-packages/google/ai/generativelanguage_v1beta/services/generative_service/client.py?content=0&hash=0&1764287008284 (::1)
    HTTPServerRequest(protocol='http', host='localhost:8888', method='GET', uri='/api/contents/.venv/lib/python3.13/site-packages/google/ai/generativelanguage_v1beta/services/generative_service/client.py?content=0&hash=0&1764287008284', version='HTTP/1.1', remote_ip='::1')
    Traceback (most recent call last):
      File "/mnt/hd1/projects/mestrado/.venv/lib/python3.13/site-packages/jupyter_server/services/contents/handlers.py", line 156, in get
        model = await ensure_async(
                ^^^^^^^^^^^^^^^^^^^
        ...<7 lines>...
        )
        ^
      File "/mnt/hd1/projects/mestrado/.venv/lib/python3.13/site-packages/jupyter_core/utils/__init__.py", line 214, in ensure_async
        result = await obj
                 ^^^^^^^^^
      File "/mnt/hd1/projects/mestrado/.venv/lib/python3.13/site-packages/jupyter_server/services/contents/filemanager.py", line 928, in get
        model = await self._file_model(
                ^^^^^^^^^^^^^^^^^^^^^^^
            path, content=content, format=format, require_hash=require_hash
            ^^^^^^^^^^^^^^^^^^^^^^^^^^^^^^^^^^^^^^^^^^^^^^^^^^^^^^^^^^^^^^^
        )
        ^
      File "/mnt/hd1/projects/mestrado/.venv/lib/python3.13/site-packages/jupyter_server/services/contents/filemanager.py", line 829, in _file_model
        model = self._base_model(path)
      File "/mnt/hd1/projects/mestrado/.venv/lib/python3.13/site-packages/jupyter_server/services/contents/filemanager.py", line 237, in _base_model
        raise web.HTTPError(404, four_o_four)
    tornado.web.HTTPError: HTTP 404: Not Found (file or directory does not exist: '.venv/lib/python3.13/site-packages/google/ai/generativelanguage_v1beta/services/generative_service/client.py')
    
    During handling of the above exception, another exception occurred:
    
    Traceback (most recent call last):
      File "/mnt/hd1/projects/mestrado/.venv/lib/python3.13/site-packages/tornado/web.py", line 1848, in _execute
        result = await result
                 ^^^^^^^^^^^^
      File "/mnt/hd1/projects/mestrado/.venv/lib/python3.13/site-packages/jupyter_server/auth/decorator.py", line 73, in inner
        return await out
               ^^^^^^^^^
      File "/mnt/hd1/projects/mestrado/.venv/lib/python3.13/site-packages/jupyter_server/services/contents/handlers.py", line 182, in get
        await self._finish_error(
            HTTPStatus.NOT_FOUND, f"file or directory {path!r} does not exist"
        )
      File "/mnt/hd1/projects/mestrado/.venv/lib/python3.13/site-packages/jupyter_server/services/contents/handlers.py", line 114, in _finish_error
        self.write(message)
        ~~~~~~~~~~^^^^^^^^^
      File "/mnt/hd1/projects/mestrado/.venv/lib/python3.13/site-packages/tornado/web.py", line 964, in write
        raise RuntimeError("Cannot write() after finish()")
    RuntimeError: Cannot write() after finish()
[W 2025-11-27 20:43:28.303 ServerApp] 404 GET /api/contents/.venv/lib/python3.13/site-packages/langchain_google_genai/chat_models.py?content=0&hash=0&1764287008282 (88018ac180874c64926ff0679824cc90@::1) 1.30ms referer=http://localhost:8888/lab/tree/agente.ipynb
[I 2025-11-27 20:43:28.303 ServerApp] Refusing to serve hidden file or directory '/mnt/hd1/projects/mestrado/.venv/lib/python3.13/site-packages/langchain_google_genai/chat_models.py', via 404 Error
[E 2025-11-27 20:43:28.303 ServerApp] Uncaught exception GET /api/contents/.venv/lib/python3.13/site-packages/langchain_google_genai/chat_models.py?content=0&hash=0&1764287008282 (::1)
    HTTPServerRequest(protocol='http', host='localhost:8888', method='GET', uri='/api/contents/.venv/lib/python3.13/site-packages/langchain_google_genai/chat_models.py?content=0&hash=0&1764287008282', version='HTTP/1.1', remote_ip='::1')
    Traceback (most recent call last):
      File "/mnt/hd1/projects/mestrado/.venv/lib/python3.13/site-packages/jupyter_server/services/contents/handlers.py", line 156, in get
        model = await ensure_async(
                ^^^^^^^^^^^^^^^^^^^
        ...<7 lines>...
        )
        ^
      File "/mnt/hd1/projects/mestrado/.venv/lib/python3.13/site-packages/jupyter_core/utils/__init__.py", line 214, in ensure_async
        result = await obj
                 ^^^^^^^^^
      File "/mnt/hd1/projects/mestrado/.venv/lib/python3.13/site-packages/jupyter_server/services/contents/filemanager.py", line 928, in get
        model = await self._file_model(
                ^^^^^^^^^^^^^^^^^^^^^^^
            path, content=content, format=format, require_hash=require_hash
            ^^^^^^^^^^^^^^^^^^^^^^^^^^^^^^^^^^^^^^^^^^^^^^^^^^^^^^^^^^^^^^^
        )
        ^
      File "/mnt/hd1/projects/mestrado/.venv/lib/python3.13/site-packages/jupyter_server/services/contents/filemanager.py", line 829, in _file_model
        model = self._base_model(path)
      File "/mnt/hd1/projects/mestrado/.venv/lib/python3.13/site-packages/jupyter_server/services/contents/filemanager.py", line 237, in _base_model
        raise web.HTTPError(404, four_o_four)
    tornado.web.HTTPError: HTTP 404: Not Found (file or directory does not exist: '.venv/lib/python3.13/site-packages/langchain_google_genai/chat_models.py')
    
    During handling of the above exception, another exception occurred:
    
    Traceback (most recent call last):
      File "/mnt/hd1/projects/mestrado/.venv/lib/python3.13/site-packages/tornado/web.py", line 1848, in _execute
        result = await result
                 ^^^^^^^^^^^^
      File "/mnt/hd1/projects/mestrado/.venv/lib/python3.13/site-packages/jupyter_server/auth/decorator.py", line 73, in inner
        return await out
               ^^^^^^^^^
      File "/mnt/hd1/projects/mestrado/.venv/lib/python3.13/site-packages/jupyter_server/services/contents/handlers.py", line 182, in get
        await self._finish_error(
            HTTPStatus.NOT_FOUND, f"file or directory {path!r} does not exist"
        )
      File "/mnt/hd1/projects/mestrado/.venv/lib/python3.13/site-packages/jupyter_server/services/contents/handlers.py", line 114, in _finish_error
        self.write(message)
        ~~~~~~~~~~^^^^^^^^^
      File "/mnt/hd1/projects/mestrado/.venv/lib/python3.13/site-packages/tornado/web.py", line 964, in write
        raise RuntimeError("Cannot write() after finish()")
    RuntimeError: Cannot write() after finish()
[W 2025-11-27 20:43:28.306 ServerApp] 404 GET /api/contents/.venv/lib/python3.13/site-packages/langchain_google_genai/_genai_extension.py?content=0&hash=0&1764287008283 (88018ac180874c64926ff0679824cc90@::1) 4.18ms referer=http://localhost:8888/lab/tree/agente.ipynb
[I 2025-11-27 20:43:28.307 ServerApp] Refusing to serve hidden file or directory '/mnt/hd1/projects/mestrado/.venv/lib/python3.13/site-packages/langchain_google_genai/_genai_extension.py', via 404 Error
[E 2025-11-27 20:43:28.307 ServerApp] Uncaught exception GET /api/contents/.venv/lib/python3.13/site-packages/langchain_google_genai/_genai_extension.py?content=0&hash=0&1764287008283 (::1)
    HTTPServerRequest(protocol='http', host='localhost:8888', method='GET', uri='/api/contents/.venv/lib/python3.13/site-packages/langchain_google_genai/_genai_extension.py?content=0&hash=0&1764287008283', version='HTTP/1.1', remote_ip='::1')
    Traceback (most recent call last):
      File "/mnt/hd1/projects/mestrado/.venv/lib/python3.13/site-packages/jupyter_server/services/contents/handlers.py", line 156, in get
        model = await ensure_async(
                ^^^^^^^^^^^^^^^^^^^
        ...<7 lines>...
        )
        ^
      File "/mnt/hd1/projects/mestrado/.venv/lib/python3.13/site-packages/jupyter_core/utils/__init__.py", line 214, in ensure_async
        result = await obj
                 ^^^^^^^^^
      File "/mnt/hd1/projects/mestrado/.venv/lib/python3.13/site-packages/jupyter_server/services/contents/filemanager.py", line 928, in get
        model = await self._file_model(
                ^^^^^^^^^^^^^^^^^^^^^^^
            path, content=content, format=format, require_hash=require_hash
            ^^^^^^^^^^^^^^^^^^^^^^^^^^^^^^^^^^^^^^^^^^^^^^^^^^^^^^^^^^^^^^^
        )
        ^
      File "/mnt/hd1/projects/mestrado/.venv/lib/python3.13/site-packages/jupyter_server/services/contents/filemanager.py", line 829, in _file_model
        model = self._base_model(path)
      File "/mnt/hd1/projects/mestrado/.venv/lib/python3.13/site-packages/jupyter_server/services/contents/filemanager.py", line 237, in _base_model
        raise web.HTTPError(404, four_o_four)
    tornado.web.HTTPError: HTTP 404: Not Found (file or directory does not exist: '.venv/lib/python3.13/site-packages/langchain_google_genai/_genai_extension.py')
    
    During handling of the above exception, another exception occurred:
    
    Traceback (most recent call last):
      File "/mnt/hd1/projects/mestrado/.venv/lib/python3.13/site-packages/tornado/web.py", line 1848, in _execute
        result = await result
                 ^^^^^^^^^^^^
      File "/mnt/hd1/projects/mestrado/.venv/lib/python3.13/site-packages/jupyter_server/auth/decorator.py", line 73, in inner
        return await out
               ^^^^^^^^^
      File "/mnt/hd1/projects/mestrado/.venv/lib/python3.13/site-packages/jupyter_server/services/contents/handlers.py", line 182, in get
        await self._finish_error(
            HTTPStatus.NOT_FOUND, f"file or directory {path!r} does not exist"
        )
      File "/mnt/hd1/projects/mestrado/.venv/lib/python3.13/site-packages/jupyter_server/services/contents/handlers.py", line 114, in _finish_error
        self.write(message)
        ~~~~~~~~~~^^^^^^^^^
      File "/mnt/hd1/projects/mestrado/.venv/lib/python3.13/site-packages/tornado/web.py", line 964, in write
        raise RuntimeError("Cannot write() after finish()")
    RuntimeError: Cannot write() after finish()
[W 2025-11-27 20:43:28.311 ServerApp] 404 GET /api/contents/.venv/lib/python3.13/site-packages/google/auth/_default.py?content=0&hash=0&1764287008289 (88018ac180874c64926ff0679824cc90@::1) 1.70ms referer=http://localhost:8888/lab/tree/agente.ipynb
[I 2025-11-27 20:43:28.312 ServerApp] Refusing to serve hidden file or directory '/mnt/hd1/projects/mestrado/.venv/lib/python3.13/site-packages/google/auth/_default.py', via 404 Error
[E 2025-11-27 20:43:28.312 ServerApp] Uncaught exception GET /api/contents/.venv/lib/python3.13/site-packages/google/auth/_default.py?content=0&hash=0&1764287008289 (::1)
    HTTPServerRequest(protocol='http', host='localhost:8888', method='GET', uri='/api/contents/.venv/lib/python3.13/site-packages/google/auth/_default.py?content=0&hash=0&1764287008289', version='HTTP/1.1', remote_ip='::1')
    Traceback (most recent call last):
      File "/mnt/hd1/projects/mestrado/.venv/lib/python3.13/site-packages/jupyter_server/services/contents/handlers.py", line 156, in get
        model = await ensure_async(
                ^^^^^^^^^^^^^^^^^^^
        ...<7 lines>...
        )
        ^
      File "/mnt/hd1/projects/mestrado/.venv/lib/python3.13/site-packages/jupyter_core/utils/__init__.py", line 214, in ensure_async
        result = await obj
                 ^^^^^^^^^
      File "/mnt/hd1/projects/mestrado/.venv/lib/python3.13/site-packages/jupyter_server/services/contents/filemanager.py", line 928, in get
        model = await self._file_model(
                ^^^^^^^^^^^^^^^^^^^^^^^
            path, content=content, format=format, require_hash=require_hash
            ^^^^^^^^^^^^^^^^^^^^^^^^^^^^^^^^^^^^^^^^^^^^^^^^^^^^^^^^^^^^^^^
        )
        ^
      File "/mnt/hd1/projects/mestrado/.venv/lib/python3.13/site-packages/jupyter_server/services/contents/filemanager.py", line 829, in _file_model
        model = self._base_model(path)
      File "/mnt/hd1/projects/mestrado/.venv/lib/python3.13/site-packages/jupyter_server/services/contents/filemanager.py", line 237, in _base_model
        raise web.HTTPError(404, four_o_four)
    tornado.web.HTTPError: HTTP 404: Not Found (file or directory does not exist: '.venv/lib/python3.13/site-packages/google/auth/_default.py')
    
    During handling of the above exception, another exception occurred:
    
    Traceback (most recent call last):
      File "/mnt/hd1/projects/mestrado/.venv/lib/python3.13/site-packages/tornado/web.py", line 1848, in _execute
        result = await result
                 ^^^^^^^^^^^^
      File "/mnt/hd1/projects/mestrado/.venv/lib/python3.13/site-packages/jupyter_server/auth/decorator.py", line 73, in inner
        return await out
               ^^^^^^^^^
      File "/mnt/hd1/projects/mestrado/.venv/lib/python3.13/site-packages/jupyter_server/services/contents/handlers.py", line 182, in get
        await self._finish_error(
            HTTPStatus.NOT_FOUND, f"file or directory {path!r} does not exist"
        )
      File "/mnt/hd1/projects/mestrado/.venv/lib/python3.13/site-packages/jupyter_server/services/contents/handlers.py", line 114, in _finish_error
        self.write(message)
        ~~~~~~~~~~^^^^^^^^^
      File "/mnt/hd1/projects/mestrado/.venv/lib/python3.13/site-packages/tornado/web.py", line 964, in write
        raise RuntimeError("Cannot write() after finish()")
    RuntimeError: Cannot write() after finish()
[W 2025-11-27 20:43:28.315 ServerApp] 404 GET /api/contents/.venv/lib/python3.13/site-packages/google/ai/generativelanguage_v1beta/services/generative_service/transports/base.py?content=0&hash=0&1764287008288 (88018ac180874c64926ff0679824cc90@::1) 5.08ms referer=http://localhost:8888/lab/tree/agente.ipynb
[I 2025-11-27 20:43:28.316 ServerApp] Refusing to serve hidden file or directory '/mnt/hd1/projects/mestrado/.venv/lib/python3.13/site-packages/google/ai/generativelanguage_v1beta/services/generative_service/transports/base.py', via 404 Error
[E 2025-11-27 20:43:28.316 ServerApp] Uncaught exception GET /api/contents/.venv/lib/python3.13/site-packages/google/ai/generativelanguage_v1beta/services/generative_service/transports/base.py?content=0&hash=0&1764287008288 (::1)
    HTTPServerRequest(protocol='http', host='localhost:8888', method='GET', uri='/api/contents/.venv/lib/python3.13/site-packages/google/ai/generativelanguage_v1beta/services/generative_service/transports/base.py?content=0&hash=0&1764287008288', version='HTTP/1.1', remote_ip='::1')
    Traceback (most recent call last):
      File "/mnt/hd1/projects/mestrado/.venv/lib/python3.13/site-packages/jupyter_server/services/contents/handlers.py", line 156, in get
        model = await ensure_async(
                ^^^^^^^^^^^^^^^^^^^
        ...<7 lines>...
        )
        ^
      File "/mnt/hd1/projects/mestrado/.venv/lib/python3.13/site-packages/jupyter_core/utils/__init__.py", line 214, in ensure_async
        result = await obj
                 ^^^^^^^^^
      File "/mnt/hd1/projects/mestrado/.venv/lib/python3.13/site-packages/jupyter_server/services/contents/filemanager.py", line 928, in get
        model = await self._file_model(
                ^^^^^^^^^^^^^^^^^^^^^^^
            path, content=content, format=format, require_hash=require_hash
            ^^^^^^^^^^^^^^^^^^^^^^^^^^^^^^^^^^^^^^^^^^^^^^^^^^^^^^^^^^^^^^^
        )
        ^
      File "/mnt/hd1/projects/mestrado/.venv/lib/python3.13/site-packages/jupyter_server/services/contents/filemanager.py", line 829, in _file_model
        model = self._base_model(path)
      File "/mnt/hd1/projects/mestrado/.venv/lib/python3.13/site-packages/jupyter_server/services/contents/filemanager.py", line 237, in _base_model
        raise web.HTTPError(404, four_o_four)
    tornado.web.HTTPError: HTTP 404: Not Found (file or directory does not exist: '.venv/lib/python3.13/site-packages/google/ai/generativelanguage_v1beta/services/generative_service/transports/base.py')
    
    During handling of the above exception, another exception occurred:
    
    Traceback (most recent call last):
      File "/mnt/hd1/projects/mestrado/.venv/lib/python3.13/site-packages/tornado/web.py", line 1848, in _execute
        result = await result
                 ^^^^^^^^^^^^
      File "/mnt/hd1/projects/mestrado/.venv/lib/python3.13/site-packages/jupyter_server/auth/decorator.py", line 73, in inner
        return await out
               ^^^^^^^^^
      File "/mnt/hd1/projects/mestrado/.venv/lib/python3.13/site-packages/jupyter_server/services/contents/handlers.py", line 182, in get
        await self._finish_error(
            HTTPStatus.NOT_FOUND, f"file or directory {path!r} does not exist"
        )
      File "/mnt/hd1/projects/mestrado/.venv/lib/python3.13/site-packages/jupyter_server/services/contents/handlers.py", line 114, in _finish_error
        self.write(message)
        ~~~~~~~~~~^^^^^^^^^
      File "/mnt/hd1/projects/mestrado/.venv/lib/python3.13/site-packages/tornado/web.py", line 964, in write
        raise RuntimeError("Cannot write() after finish()")
    RuntimeError: Cannot write() after finish()
[W 2025-11-27 20:43:28.319 ServerApp] 404 GET /api/contents/.venv/lib/python3.13/site-packages/google/ai/generativelanguage_v1beta/services/generative_service/transports/grpc.py?content=0&hash=0&1764287008285 (88018ac180874c64926ff0679824cc90@::1) 4.63ms referer=http://localhost:8888/lab/tree/agente.ipynb
[I 2025-11-27 20:43:28.319 ServerApp] Refusing to serve hidden file or directory '/mnt/hd1/projects/mestrado/.venv/lib/python3.13/site-packages/google/ai/generativelanguage_v1beta/services/generative_service/transports/grpc.py', via 404 Error
[E 2025-11-27 20:43:28.319 ServerApp] Uncaught exception GET /api/contents/.venv/lib/python3.13/site-packages/google/ai/generativelanguage_v1beta/services/generative_service/transports/grpc.py?content=0&hash=0&1764287008285 (::1)
    HTTPServerRequest(protocol='http', host='localhost:8888', method='GET', uri='/api/contents/.venv/lib/python3.13/site-packages/google/ai/generativelanguage_v1beta/services/generative_service/transports/grpc.py?content=0&hash=0&1764287008285', version='HTTP/1.1', remote_ip='::1')
    Traceback (most recent call last):
      File "/mnt/hd1/projects/mestrado/.venv/lib/python3.13/site-packages/jupyter_server/services/contents/handlers.py", line 156, in get
        model = await ensure_async(
                ^^^^^^^^^^^^^^^^^^^
        ...<7 lines>...
        )
        ^
      File "/mnt/hd1/projects/mestrado/.venv/lib/python3.13/site-packages/jupyter_core/utils/__init__.py", line 214, in ensure_async
        result = await obj
                 ^^^^^^^^^
      File "/mnt/hd1/projects/mestrado/.venv/lib/python3.13/site-packages/jupyter_server/services/contents/filemanager.py", line 928, in get
        model = await self._file_model(
                ^^^^^^^^^^^^^^^^^^^^^^^
            path, content=content, format=format, require_hash=require_hash
            ^^^^^^^^^^^^^^^^^^^^^^^^^^^^^^^^^^^^^^^^^^^^^^^^^^^^^^^^^^^^^^^
        )
        ^
      File "/mnt/hd1/projects/mestrado/.venv/lib/python3.13/site-packages/jupyter_server/services/contents/filemanager.py", line 829, in _file_model
        model = self._base_model(path)
      File "/mnt/hd1/projects/mestrado/.venv/lib/python3.13/site-packages/jupyter_server/services/contents/filemanager.py", line 237, in _base_model
        raise web.HTTPError(404, four_o_four)
    tornado.web.HTTPError: HTTP 404: Not Found (file or directory does not exist: '.venv/lib/python3.13/site-packages/google/ai/generativelanguage_v1beta/services/generative_service/transports/grpc.py')
    
    During handling of the above exception, another exception occurred:
    
    Traceback (most recent call last):
      File "/mnt/hd1/projects/mestrado/.venv/lib/python3.13/site-packages/tornado/web.py", line 1848, in _execute
        result = await result
                 ^^^^^^^^^^^^
      File "/mnt/hd1/projects/mestrado/.venv/lib/python3.13/site-packages/jupyter_server/auth/decorator.py", line 73, in inner
        return await out
               ^^^^^^^^^
      File "/mnt/hd1/projects/mestrado/.venv/lib/python3.13/site-packages/jupyter_server/services/contents/handlers.py", line 182, in get
        await self._finish_error(
            HTTPStatus.NOT_FOUND, f"file or directory {path!r} does not exist"
        )
      File "/mnt/hd1/projects/mestrado/.venv/lib/python3.13/site-packages/jupyter_server/services/contents/handlers.py", line 114, in _finish_error
        self.write(message)
        ~~~~~~~~~~^^^^^^^^^
      File "/mnt/hd1/projects/mestrado/.venv/lib/python3.13/site-packages/tornado/web.py", line 964, in write
        raise RuntimeError("Cannot write() after finish()")
    RuntimeError: Cannot write() after finish()
[I 2025-11-27 20:44:00.883 ServerApp] Saving file at /agente.ipynb
[I 2025-11-27 20:47:10.752 ServerApp] Kernel restarted: 138e5395-441b-41a5-824c-da34f01a452e
[I 2025-11-27 20:47:10.761 ServerApp] Starting buffering for 138e5395-441b-41a5-824c-da34f01a452e:6cdc2f95-9571-4614-9f64-2527d87ed995
[I 2025-11-27 20:47:10.769 ServerApp] Connecting to kernel 138e5395-441b-41a5-824c-da34f01a452e.
[I 2025-11-27 20:47:10.769 ServerApp] Restoring connection for 138e5395-441b-41a5-824c-da34f01a452e:6cdc2f95-9571-4614-9f64-2527d87ed995
[I 2025-11-27 20:48:03.873 ServerApp] Saving file at /agente.ipynb
[I 2025-11-27 20:50:04.009 ServerApp] Saving file at /agente.ipynb
[I 2025-11-27 20:52:06.008 ServerApp] Saving file at /agente.ipynb
[I 2025-11-27 20:54:07.962 ServerApp] Saving file at /agente.ipynb
[I 2025-11-27 20:56:10.751 ServerApp] Saving file at /agente.ipynb
[I 2025-11-27 20:58:12.877 ServerApp] Saving file at /agente.ipynb
[I 2025-11-27 21:04:15.880 ServerApp] Saving file at /agente.ipynb
[I 2025-11-27 21:06:18.880 ServerApp] Saving file at /agente.ipynb
[I 2025-11-27 21:08:20.807 ServerApp] Saving file at /agente.ipynb
[I 2025-11-27 21:10:22.878 ServerApp] Saving file at /agente.ipynb
[I 2025-11-27 21:12:23.033 ServerApp] Saving file at /agente.ipynb
[I 2025-11-27 21:14:25.020 ServerApp] Saving file at /agente.ipynb
[I 2025-11-27 21:16:27.054 ServerApp] Saving file at /agente.ipynb
[I 2025-11-27 21:18:29.113 ServerApp] Saving file at /agente.ipynb
[I 2025-11-27 21:20:31.061 ServerApp] Saving file at /agente.ipynb
[I 2025-11-27 21:22:33.878 ServerApp] Saving file at /agente.ipynb
[W 2025-11-27 21:25:40.538 ServerApp] 404 GET /api/contents/.venv/lib/python3.13/site-packages/langchain_core/messages/utils.py?content=0&hash=0&1764289540529 (88018ac180874c64926ff0679824cc90@::1) 2.08ms referer=http://localhost:8888/lab/tree/agente.ipynb
[I 2025-11-27 21:25:40.538 ServerApp] Refusing to serve hidden file or directory '/mnt/hd1/projects/mestrado/.venv/lib/python3.13/site-packages/langchain_core/messages/utils.py', via 404 Error
[E 2025-11-27 21:25:40.539 ServerApp] Uncaught exception GET /api/contents/.venv/lib/python3.13/site-packages/langchain_core/messages/utils.py?content=0&hash=0&1764289540529 (::1)
    HTTPServerRequest(protocol='http', host='localhost:8888', method='GET', uri='/api/contents/.venv/lib/python3.13/site-packages/langchain_core/messages/utils.py?content=0&hash=0&1764289540529', version='HTTP/1.1', remote_ip='::1')
    Traceback (most recent call last):
      File "/mnt/hd1/projects/mestrado/.venv/lib/python3.13/site-packages/jupyter_server/services/contents/handlers.py", line 156, in get
        model = await ensure_async(
                ^^^^^^^^^^^^^^^^^^^
        ...<7 lines>...
        )
        ^
      File "/mnt/hd1/projects/mestrado/.venv/lib/python3.13/site-packages/jupyter_core/utils/__init__.py", line 214, in ensure_async
        result = await obj
                 ^^^^^^^^^
      File "/mnt/hd1/projects/mestrado/.venv/lib/python3.13/site-packages/jupyter_server/services/contents/filemanager.py", line 928, in get
        model = await self._file_model(
                ^^^^^^^^^^^^^^^^^^^^^^^
            path, content=content, format=format, require_hash=require_hash
            ^^^^^^^^^^^^^^^^^^^^^^^^^^^^^^^^^^^^^^^^^^^^^^^^^^^^^^^^^^^^^^^
        )
        ^
      File "/mnt/hd1/projects/mestrado/.venv/lib/python3.13/site-packages/jupyter_server/services/contents/filemanager.py", line 829, in _file_model
        model = self._base_model(path)
      File "/mnt/hd1/projects/mestrado/.venv/lib/python3.13/site-packages/jupyter_server/services/contents/filemanager.py", line 237, in _base_model
        raise web.HTTPError(404, four_o_four)
    tornado.web.HTTPError: HTTP 404: Not Found (file or directory does not exist: '.venv/lib/python3.13/site-packages/langchain_core/messages/utils.py')
    
    During handling of the above exception, another exception occurred:
    
    Traceback (most recent call last):
      File "/mnt/hd1/projects/mestrado/.venv/lib/python3.13/site-packages/tornado/web.py", line 1848, in _execute
        result = await result
                 ^^^^^^^^^^^^
      File "/mnt/hd1/projects/mestrado/.venv/lib/python3.13/site-packages/jupyter_server/auth/decorator.py", line 73, in inner
        return await out
               ^^^^^^^^^
      File "/mnt/hd1/projects/mestrado/.venv/lib/python3.13/site-packages/jupyter_server/services/contents/handlers.py", line 182, in get
        await self._finish_error(
            HTTPStatus.NOT_FOUND, f"file or directory {path!r} does not exist"
        )
      File "/mnt/hd1/projects/mestrado/.venv/lib/python3.13/site-packages/jupyter_server/services/contents/handlers.py", line 114, in _finish_error
        self.write(message)
        ~~~~~~~~~~^^^^^^^^^
      File "/mnt/hd1/projects/mestrado/.venv/lib/python3.13/site-packages/tornado/web.py", line 964, in write
        raise RuntimeError("Cannot write() after finish()")
    RuntimeError: Cannot write() after finish()
[W 2025-11-27 21:25:40.544 ServerApp] 404 GET /api/contents/.venv/lib/python3.13/site-packages/langgraph/pregel/main.py?content=0&hash=0&1764289540530 (88018ac180874c64926ff0679824cc90@::1) 1.70ms referer=http://localhost:8888/lab/tree/agente.ipynb
[I 2025-11-27 21:25:40.545 ServerApp] Refusing to serve hidden file or directory '/mnt/hd1/projects/mestrado/.venv/lib/python3.13/site-packages/langgraph/pregel/main.py', via 404 Error
[E 2025-11-27 21:25:40.545 ServerApp] Uncaught exception GET /api/contents/.venv/lib/python3.13/site-packages/langgraph/pregel/main.py?content=0&hash=0&1764289540530 (::1)
    HTTPServerRequest(protocol='http', host='localhost:8888', method='GET', uri='/api/contents/.venv/lib/python3.13/site-packages/langgraph/pregel/main.py?content=0&hash=0&1764289540530', version='HTTP/1.1', remote_ip='::1')
    Traceback (most recent call last):
      File "/mnt/hd1/projects/mestrado/.venv/lib/python3.13/site-packages/jupyter_server/services/contents/handlers.py", line 156, in get
        model = await ensure_async(
                ^^^^^^^^^^^^^^^^^^^
        ...<7 lines>...
        )
        ^
      File "/mnt/hd1/projects/mestrado/.venv/lib/python3.13/site-packages/jupyter_core/utils/__init__.py", line 214, in ensure_async
        result = await obj
                 ^^^^^^^^^
      File "/mnt/hd1/projects/mestrado/.venv/lib/python3.13/site-packages/jupyter_server/services/contents/filemanager.py", line 928, in get
        model = await self._file_model(
                ^^^^^^^^^^^^^^^^^^^^^^^
            path, content=content, format=format, require_hash=require_hash
            ^^^^^^^^^^^^^^^^^^^^^^^^^^^^^^^^^^^^^^^^^^^^^^^^^^^^^^^^^^^^^^^
        )
        ^
      File "/mnt/hd1/projects/mestrado/.venv/lib/python3.13/site-packages/jupyter_server/services/contents/filemanager.py", line 829, in _file_model
        model = self._base_model(path)
      File "/mnt/hd1/projects/mestrado/.venv/lib/python3.13/site-packages/jupyter_server/services/contents/filemanager.py", line 237, in _base_model
        raise web.HTTPError(404, four_o_four)
    tornado.web.HTTPError: HTTP 404: Not Found (file or directory does not exist: '.venv/lib/python3.13/site-packages/langgraph/pregel/main.py')
    
    During handling of the above exception, another exception occurred:
    
    Traceback (most recent call last):
      File "/mnt/hd1/projects/mestrado/.venv/lib/python3.13/site-packages/tornado/web.py", line 1848, in _execute
        result = await result
                 ^^^^^^^^^^^^
      File "/mnt/hd1/projects/mestrado/.venv/lib/python3.13/site-packages/jupyter_server/auth/decorator.py", line 73, in inner
        return await out
               ^^^^^^^^^
      File "/mnt/hd1/projects/mestrado/.venv/lib/python3.13/site-packages/jupyter_server/services/contents/handlers.py", line 182, in get
        await self._finish_error(
            HTTPStatus.NOT_FOUND, f"file or directory {path!r} does not exist"
        )
      File "/mnt/hd1/projects/mestrado/.venv/lib/python3.13/site-packages/jupyter_server/services/contents/handlers.py", line 114, in _finish_error
        self.write(message)
        ~~~~~~~~~~^^^^^^^^^
      File "/mnt/hd1/projects/mestrado/.venv/lib/python3.13/site-packages/tornado/web.py", line 964, in write
        raise RuntimeError("Cannot write() after finish()")
    RuntimeError: Cannot write() after finish()
[W 2025-11-27 21:25:40.548 ServerApp] 404 GET /api/contents/.venv/lib/python3.13/site-packages/langgraph/pregel/main.py?content=0&hash=0&1764289540531 (88018ac180874c64926ff0679824cc90@::1) 4.89ms referer=http://localhost:8888/lab/tree/agente.ipynb
[I 2025-11-27 21:25:40.548 ServerApp] Refusing to serve hidden file or directory '/mnt/hd1/projects/mestrado/.venv/lib/python3.13/site-packages/langgraph/pregel/main.py', via 404 Error
[E 2025-11-27 21:25:40.548 ServerApp] Uncaught exception GET /api/contents/.venv/lib/python3.13/site-packages/langgraph/pregel/main.py?content=0&hash=0&1764289540531 (::1)
    HTTPServerRequest(protocol='http', host='localhost:8888', method='GET', uri='/api/contents/.venv/lib/python3.13/site-packages/langgraph/pregel/main.py?content=0&hash=0&1764289540531', version='HTTP/1.1', remote_ip='::1')
    Traceback (most recent call last):
      File "/mnt/hd1/projects/mestrado/.venv/lib/python3.13/site-packages/jupyter_server/services/contents/handlers.py", line 156, in get
        model = await ensure_async(
                ^^^^^^^^^^^^^^^^^^^
        ...<7 lines>...
        )
        ^
      File "/mnt/hd1/projects/mestrado/.venv/lib/python3.13/site-packages/jupyter_core/utils/__init__.py", line 214, in ensure_async
        result = await obj
                 ^^^^^^^^^
      File "/mnt/hd1/projects/mestrado/.venv/lib/python3.13/site-packages/jupyter_server/services/contents/filemanager.py", line 928, in get
        model = await self._file_model(
                ^^^^^^^^^^^^^^^^^^^^^^^
            path, content=content, format=format, require_hash=require_hash
            ^^^^^^^^^^^^^^^^^^^^^^^^^^^^^^^^^^^^^^^^^^^^^^^^^^^^^^^^^^^^^^^
        )
        ^
      File "/mnt/hd1/projects/mestrado/.venv/lib/python3.13/site-packages/jupyter_server/services/contents/filemanager.py", line 829, in _file_model
        model = self._base_model(path)
      File "/mnt/hd1/projects/mestrado/.venv/lib/python3.13/site-packages/jupyter_server/services/contents/filemanager.py", line 237, in _base_model
        raise web.HTTPError(404, four_o_four)
    tornado.web.HTTPError: HTTP 404: Not Found (file or directory does not exist: '.venv/lib/python3.13/site-packages/langgraph/pregel/main.py')
    
    During handling of the above exception, another exception occurred:
    
    Traceback (most recent call last):
      File "/mnt/hd1/projects/mestrado/.venv/lib/python3.13/site-packages/tornado/web.py", line 1848, in _execute
        result = await result
                 ^^^^^^^^^^^^
      File "/mnt/hd1/projects/mestrado/.venv/lib/python3.13/site-packages/jupyter_server/auth/decorator.py", line 73, in inner
        return await out
               ^^^^^^^^^
      File "/mnt/hd1/projects/mestrado/.venv/lib/python3.13/site-packages/jupyter_server/services/contents/handlers.py", line 182, in get
        await self._finish_error(
            HTTPStatus.NOT_FOUND, f"file or directory {path!r} does not exist"
        )
      File "/mnt/hd1/projects/mestrado/.venv/lib/python3.13/site-packages/jupyter_server/services/contents/handlers.py", line 114, in _finish_error
        self.write(message)
        ~~~~~~~~~~^^^^^^^^^
      File "/mnt/hd1/projects/mestrado/.venv/lib/python3.13/site-packages/tornado/web.py", line 964, in write
        raise RuntimeError("Cannot write() after finish()")
    RuntimeError: Cannot write() after finish()
[W 2025-11-27 21:25:40.552 ServerApp] 404 GET /api/contents/.venv/lib/python3.13/site-packages/langgraph/pregel/_loop.py?content=0&hash=0&1764289540532 (88018ac180874c64926ff0679824cc90@::1) 1.52ms referer=http://localhost:8888/lab/tree/agente.ipynb
[I 2025-11-27 21:25:40.552 ServerApp] Refusing to serve hidden file or directory '/mnt/hd1/projects/mestrado/.venv/lib/python3.13/site-packages/langgraph/pregel/_loop.py', via 404 Error
[E 2025-11-27 21:25:40.552 ServerApp] Uncaught exception GET /api/contents/.venv/lib/python3.13/site-packages/langgraph/pregel/_loop.py?content=0&hash=0&1764289540532 (::1)
    HTTPServerRequest(protocol='http', host='localhost:8888', method='GET', uri='/api/contents/.venv/lib/python3.13/site-packages/langgraph/pregel/_loop.py?content=0&hash=0&1764289540532', version='HTTP/1.1', remote_ip='::1')
    Traceback (most recent call last):
      File "/mnt/hd1/projects/mestrado/.venv/lib/python3.13/site-packages/jupyter_server/services/contents/handlers.py", line 156, in get
        model = await ensure_async(
                ^^^^^^^^^^^^^^^^^^^
        ...<7 lines>...
        )
        ^
      File "/mnt/hd1/projects/mestrado/.venv/lib/python3.13/site-packages/jupyter_core/utils/__init__.py", line 214, in ensure_async
        result = await obj
                 ^^^^^^^^^
      File "/mnt/hd1/projects/mestrado/.venv/lib/python3.13/site-packages/jupyter_server/services/contents/filemanager.py", line 928, in get
        model = await self._file_model(
                ^^^^^^^^^^^^^^^^^^^^^^^
            path, content=content, format=format, require_hash=require_hash
            ^^^^^^^^^^^^^^^^^^^^^^^^^^^^^^^^^^^^^^^^^^^^^^^^^^^^^^^^^^^^^^^
        )
        ^
      File "/mnt/hd1/projects/mestrado/.venv/lib/python3.13/site-packages/jupyter_server/services/contents/filemanager.py", line 829, in _file_model
        model = self._base_model(path)
      File "/mnt/hd1/projects/mestrado/.venv/lib/python3.13/site-packages/jupyter_server/services/contents/filemanager.py", line 237, in _base_model
        raise web.HTTPError(404, four_o_four)
    tornado.web.HTTPError: HTTP 404: Not Found (file or directory does not exist: '.venv/lib/python3.13/site-packages/langgraph/pregel/_loop.py')
    
    During handling of the above exception, another exception occurred:
    
    Traceback (most recent call last):
      File "/mnt/hd1/projects/mestrado/.venv/lib/python3.13/site-packages/tornado/web.py", line 1848, in _execute
        result = await result
                 ^^^^^^^^^^^^
      File "/mnt/hd1/projects/mestrado/.venv/lib/python3.13/site-packages/jupyter_server/auth/decorator.py", line 73, in inner
        return await out
               ^^^^^^^^^
      File "/mnt/hd1/projects/mestrado/.venv/lib/python3.13/site-packages/jupyter_server/services/contents/handlers.py", line 182, in get
        await self._finish_error(
            HTTPStatus.NOT_FOUND, f"file or directory {path!r} does not exist"
        )
      File "/mnt/hd1/projects/mestrado/.venv/lib/python3.13/site-packages/jupyter_server/services/contents/handlers.py", line 114, in _finish_error
        self.write(message)
        ~~~~~~~~~~^^^^^^^^^
      File "/mnt/hd1/projects/mestrado/.venv/lib/python3.13/site-packages/tornado/web.py", line 964, in write
        raise RuntimeError("Cannot write() after finish()")
    RuntimeError: Cannot write() after finish()
[W 2025-11-27 21:25:40.558 ServerApp] 404 GET /api/contents/.venv/lib/python3.13/site-packages/langgraph/graph/message.py?content=0&hash=0&1764289540539 (88018ac180874c64926ff0679824cc90@::1) 2.74ms referer=http://localhost:8888/lab/tree/agente.ipynb
[I 2025-11-27 21:25:40.559 ServerApp] Refusing to serve hidden file or directory '/mnt/hd1/projects/mestrado/.venv/lib/python3.13/site-packages/langgraph/graph/message.py', via 404 Error
[E 2025-11-27 21:25:40.559 ServerApp] Uncaught exception GET /api/contents/.venv/lib/python3.13/site-packages/langgraph/graph/message.py?content=0&hash=0&1764289540539 (::1)
    HTTPServerRequest(protocol='http', host='localhost:8888', method='GET', uri='/api/contents/.venv/lib/python3.13/site-packages/langgraph/graph/message.py?content=0&hash=0&1764289540539', version='HTTP/1.1', remote_ip='::1')
    Traceback (most recent call last):
      File "/mnt/hd1/projects/mestrado/.venv/lib/python3.13/site-packages/jupyter_server/services/contents/handlers.py", line 156, in get
        model = await ensure_async(
                ^^^^^^^^^^^^^^^^^^^
        ...<7 lines>...
        )
        ^
      File "/mnt/hd1/projects/mestrado/.venv/lib/python3.13/site-packages/jupyter_core/utils/__init__.py", line 214, in ensure_async
        result = await obj
                 ^^^^^^^^^
      File "/mnt/hd1/projects/mestrado/.venv/lib/python3.13/site-packages/jupyter_server/services/contents/filemanager.py", line 928, in get
        model = await self._file_model(
                ^^^^^^^^^^^^^^^^^^^^^^^
            path, content=content, format=format, require_hash=require_hash
            ^^^^^^^^^^^^^^^^^^^^^^^^^^^^^^^^^^^^^^^^^^^^^^^^^^^^^^^^^^^^^^^
        )
        ^
      File "/mnt/hd1/projects/mestrado/.venv/lib/python3.13/site-packages/jupyter_server/services/contents/filemanager.py", line 829, in _file_model
        model = self._base_model(path)
      File "/mnt/hd1/projects/mestrado/.venv/lib/python3.13/site-packages/jupyter_server/services/contents/filemanager.py", line 237, in _base_model
        raise web.HTTPError(404, four_o_four)
    tornado.web.HTTPError: HTTP 404: Not Found (file or directory does not exist: '.venv/lib/python3.13/site-packages/langgraph/graph/message.py')
    
    During handling of the above exception, another exception occurred:
    
    Traceback (most recent call last):
      File "/mnt/hd1/projects/mestrado/.venv/lib/python3.13/site-packages/tornado/web.py", line 1848, in _execute
        result = await result
                 ^^^^^^^^^^^^
      File "/mnt/hd1/projects/mestrado/.venv/lib/python3.13/site-packages/jupyter_server/auth/decorator.py", line 73, in inner
        return await out
               ^^^^^^^^^
      File "/mnt/hd1/projects/mestrado/.venv/lib/python3.13/site-packages/jupyter_server/services/contents/handlers.py", line 182, in get
        await self._finish_error(
            HTTPStatus.NOT_FOUND, f"file or directory {path!r} does not exist"
        )
      File "/mnt/hd1/projects/mestrado/.venv/lib/python3.13/site-packages/jupyter_server/services/contents/handlers.py", line 114, in _finish_error
        self.write(message)
        ~~~~~~~~~~^^^^^^^^^
      File "/mnt/hd1/projects/mestrado/.venv/lib/python3.13/site-packages/tornado/web.py", line 964, in write
        raise RuntimeError("Cannot write() after finish()")
    RuntimeError: Cannot write() after finish()
[W 2025-11-27 21:25:40.562 ServerApp] 404 GET /api/contents/.venv/lib/python3.13/site-packages/langchain_core/messages/utils.py?content=0&hash=0&1764289540540 (88018ac180874c64926ff0679824cc90@::1) 6.05ms referer=http://localhost:8888/lab/tree/agente.ipynb
[I 2025-11-27 21:25:40.563 ServerApp] Refusing to serve hidden file or directory '/mnt/hd1/projects/mestrado/.venv/lib/python3.13/site-packages/langchain_core/messages/utils.py', via 404 Error
[E 2025-11-27 21:25:40.563 ServerApp] Uncaught exception GET /api/contents/.venv/lib/python3.13/site-packages/langchain_core/messages/utils.py?content=0&hash=0&1764289540540 (::1)
    HTTPServerRequest(protocol='http', host='localhost:8888', method='GET', uri='/api/contents/.venv/lib/python3.13/site-packages/langchain_core/messages/utils.py?content=0&hash=0&1764289540540', version='HTTP/1.1', remote_ip='::1')
    Traceback (most recent call last):
      File "/mnt/hd1/projects/mestrado/.venv/lib/python3.13/site-packages/jupyter_server/services/contents/handlers.py", line 156, in get
        model = await ensure_async(
                ^^^^^^^^^^^^^^^^^^^
        ...<7 lines>...
        )
        ^
      File "/mnt/hd1/projects/mestrado/.venv/lib/python3.13/site-packages/jupyter_core/utils/__init__.py", line 214, in ensure_async
        result = await obj
                 ^^^^^^^^^
      File "/mnt/hd1/projects/mestrado/.venv/lib/python3.13/site-packages/jupyter_server/services/contents/filemanager.py", line 928, in get
        model = await self._file_model(
                ^^^^^^^^^^^^^^^^^^^^^^^
            path, content=content, format=format, require_hash=require_hash
            ^^^^^^^^^^^^^^^^^^^^^^^^^^^^^^^^^^^^^^^^^^^^^^^^^^^^^^^^^^^^^^^
        )
        ^
      File "/mnt/hd1/projects/mestrado/.venv/lib/python3.13/site-packages/jupyter_server/services/contents/filemanager.py", line 829, in _file_model
        model = self._base_model(path)
      File "/mnt/hd1/projects/mestrado/.venv/lib/python3.13/site-packages/jupyter_server/services/contents/filemanager.py", line 237, in _base_model
        raise web.HTTPError(404, four_o_four)
    tornado.web.HTTPError: HTTP 404: Not Found (file or directory does not exist: '.venv/lib/python3.13/site-packages/langchain_core/messages/utils.py')
    
    During handling of the above exception, another exception occurred:
    
    Traceback (most recent call last):
      File "/mnt/hd1/projects/mestrado/.venv/lib/python3.13/site-packages/tornado/web.py", line 1848, in _execute
        result = await result
                 ^^^^^^^^^^^^
      File "/mnt/hd1/projects/mestrado/.venv/lib/python3.13/site-packages/jupyter_server/auth/decorator.py", line 73, in inner
        return await out
               ^^^^^^^^^
      File "/mnt/hd1/projects/mestrado/.venv/lib/python3.13/site-packages/jupyter_server/services/contents/handlers.py", line 182, in get
        await self._finish_error(
            HTTPStatus.NOT_FOUND, f"file or directory {path!r} does not exist"
        )
      File "/mnt/hd1/projects/mestrado/.venv/lib/python3.13/site-packages/jupyter_server/services/contents/handlers.py", line 114, in _finish_error
        self.write(message)
        ~~~~~~~~~~^^^^^^^^^
      File "/mnt/hd1/projects/mestrado/.venv/lib/python3.13/site-packages/tornado/web.py", line 964, in write
        raise RuntimeError("Cannot write() after finish()")
    RuntimeError: Cannot write() after finish()
[W 2025-11-27 21:25:40.568 ServerApp] 404 GET /api/contents/.venv/lib/python3.13/site-packages/langgraph/graph/message.py?content=0&hash=0&1764289540537 (88018ac180874c64926ff0679824cc90@::1) 11.02ms referer=http://localhost:8888/lab/tree/agente.ipynb
[I 2025-11-27 21:25:40.568 ServerApp] Refusing to serve hidden file or directory '/mnt/hd1/projects/mestrado/.venv/lib/python3.13/site-packages/langgraph/graph/message.py', via 404 Error
[E 2025-11-27 21:25:40.568 ServerApp] Uncaught exception GET /api/contents/.venv/lib/python3.13/site-packages/langgraph/graph/message.py?content=0&hash=0&1764289540537 (::1)
    HTTPServerRequest(protocol='http', host='localhost:8888', method='GET', uri='/api/contents/.venv/lib/python3.13/site-packages/langgraph/graph/message.py?content=0&hash=0&1764289540537', version='HTTP/1.1', remote_ip='::1')
    Traceback (most recent call last):
      File "/mnt/hd1/projects/mestrado/.venv/lib/python3.13/site-packages/jupyter_server/services/contents/handlers.py", line 156, in get
        model = await ensure_async(
                ^^^^^^^^^^^^^^^^^^^
        ...<7 lines>...
        )
        ^
      File "/mnt/hd1/projects/mestrado/.venv/lib/python3.13/site-packages/jupyter_core/utils/__init__.py", line 214, in ensure_async
        result = await obj
                 ^^^^^^^^^
      File "/mnt/hd1/projects/mestrado/.venv/lib/python3.13/site-packages/jupyter_server/services/contents/filemanager.py", line 928, in get
        model = await self._file_model(
                ^^^^^^^^^^^^^^^^^^^^^^^
            path, content=content, format=format, require_hash=require_hash
            ^^^^^^^^^^^^^^^^^^^^^^^^^^^^^^^^^^^^^^^^^^^^^^^^^^^^^^^^^^^^^^^
        )
        ^
      File "/mnt/hd1/projects/mestrado/.venv/lib/python3.13/site-packages/jupyter_server/services/contents/filemanager.py", line 829, in _file_model
        model = self._base_model(path)
      File "/mnt/hd1/projects/mestrado/.venv/lib/python3.13/site-packages/jupyter_server/services/contents/filemanager.py", line 237, in _base_model
        raise web.HTTPError(404, four_o_four)
    tornado.web.HTTPError: HTTP 404: Not Found (file or directory does not exist: '.venv/lib/python3.13/site-packages/langgraph/graph/message.py')
    
    During handling of the above exception, another exception occurred:
    
    Traceback (most recent call last):
      File "/mnt/hd1/projects/mestrado/.venv/lib/python3.13/site-packages/tornado/web.py", line 1848, in _execute
        result = await result
                 ^^^^^^^^^^^^
      File "/mnt/hd1/projects/mestrado/.venv/lib/python3.13/site-packages/jupyter_server/auth/decorator.py", line 73, in inner
        return await out
               ^^^^^^^^^
      File "/mnt/hd1/projects/mestrado/.venv/lib/python3.13/site-packages/jupyter_server/services/contents/handlers.py", line 182, in get
        await self._finish_error(
            HTTPStatus.NOT_FOUND, f"file or directory {path!r} does not exist"
        )
      File "/mnt/hd1/projects/mestrado/.venv/lib/python3.13/site-packages/jupyter_server/services/contents/handlers.py", line 114, in _finish_error
        self.write(message)
        ~~~~~~~~~~^^^^^^^^^
      File "/mnt/hd1/projects/mestrado/.venv/lib/python3.13/site-packages/tornado/web.py", line 964, in write
        raise RuntimeError("Cannot write() after finish()")
    RuntimeError: Cannot write() after finish()
[W 2025-11-27 21:25:40.572 ServerApp] 404 GET /api/contents/.venv/lib/python3.13/site-packages/langchain_core/messages/utils.py?content=0&hash=0&1764289540546 (88018ac180874c64926ff0679824cc90@::1) 6.12ms referer=http://localhost:8888/lab/tree/agente.ipynb
[I 2025-11-27 21:25:40.572 ServerApp] Refusing to serve hidden file or directory '/mnt/hd1/projects/mestrado/.venv/lib/python3.13/site-packages/langchain_core/messages/utils.py', via 404 Error
[E 2025-11-27 21:25:40.573 ServerApp] Uncaught exception GET /api/contents/.venv/lib/python3.13/site-packages/langchain_core/messages/utils.py?content=0&hash=0&1764289540546 (::1)
    HTTPServerRequest(protocol='http', host='localhost:8888', method='GET', uri='/api/contents/.venv/lib/python3.13/site-packages/langchain_core/messages/utils.py?content=0&hash=0&1764289540546', version='HTTP/1.1', remote_ip='::1')
    Traceback (most recent call last):
      File "/mnt/hd1/projects/mestrado/.venv/lib/python3.13/site-packages/jupyter_server/services/contents/handlers.py", line 156, in get
        model = await ensure_async(
                ^^^^^^^^^^^^^^^^^^^
        ...<7 lines>...
        )
        ^
      File "/mnt/hd1/projects/mestrado/.venv/lib/python3.13/site-packages/jupyter_core/utils/__init__.py", line 214, in ensure_async
        result = await obj
                 ^^^^^^^^^
      File "/mnt/hd1/projects/mestrado/.venv/lib/python3.13/site-packages/jupyter_server/services/contents/filemanager.py", line 928, in get
        model = await self._file_model(
                ^^^^^^^^^^^^^^^^^^^^^^^
            path, content=content, format=format, require_hash=require_hash
            ^^^^^^^^^^^^^^^^^^^^^^^^^^^^^^^^^^^^^^^^^^^^^^^^^^^^^^^^^^^^^^^
        )
        ^
      File "/mnt/hd1/projects/mestrado/.venv/lib/python3.13/site-packages/jupyter_server/services/contents/filemanager.py", line 829, in _file_model
        model = self._base_model(path)
      File "/mnt/hd1/projects/mestrado/.venv/lib/python3.13/site-packages/jupyter_server/services/contents/filemanager.py", line 237, in _base_model
        raise web.HTTPError(404, four_o_four)
    tornado.web.HTTPError: HTTP 404: Not Found (file or directory does not exist: '.venv/lib/python3.13/site-packages/langchain_core/messages/utils.py')
    
    During handling of the above exception, another exception occurred:
    
    Traceback (most recent call last):
      File "/mnt/hd1/projects/mestrado/.venv/lib/python3.13/site-packages/tornado/web.py", line 1848, in _execute
        result = await result
                 ^^^^^^^^^^^^
      File "/mnt/hd1/projects/mestrado/.venv/lib/python3.13/site-packages/jupyter_server/auth/decorator.py", line 73, in inner
        return await out
               ^^^^^^^^^
      File "/mnt/hd1/projects/mestrado/.venv/lib/python3.13/site-packages/jupyter_server/services/contents/handlers.py", line 182, in get
        await self._finish_error(
            HTTPStatus.NOT_FOUND, f"file or directory {path!r} does not exist"
        )
      File "/mnt/hd1/projects/mestrado/.venv/lib/python3.13/site-packages/jupyter_server/services/contents/handlers.py", line 114, in _finish_error
        self.write(message)
        ~~~~~~~~~~^^^^^^^^^
      File "/mnt/hd1/projects/mestrado/.venv/lib/python3.13/site-packages/tornado/web.py", line 964, in write
        raise RuntimeError("Cannot write() after finish()")
    RuntimeError: Cannot write() after finish()
[W 2025-11-27 21:25:40.576 ServerApp] 404 GET /api/contents/.venv/lib/python3.13/site-packages/langgraph/pregel/_algo.py?content=0&hash=0&1764289540534 (88018ac180874c64926ff0679824cc90@::1) 9.78ms referer=http://localhost:8888/lab/tree/agente.ipynb
[I 2025-11-27 21:25:40.577 ServerApp] Refusing to serve hidden file or directory '/mnt/hd1/projects/mestrado/.venv/lib/python3.13/site-packages/langgraph/pregel/_algo.py', via 404 Error
[E 2025-11-27 21:25:40.577 ServerApp] Uncaught exception GET /api/contents/.venv/lib/python3.13/site-packages/langgraph/pregel/_algo.py?content=0&hash=0&1764289540534 (::1)
    HTTPServerRequest(protocol='http', host='localhost:8888', method='GET', uri='/api/contents/.venv/lib/python3.13/site-packages/langgraph/pregel/_algo.py?content=0&hash=0&1764289540534', version='HTTP/1.1', remote_ip='::1')
    Traceback (most recent call last):
      File "/mnt/hd1/projects/mestrado/.venv/lib/python3.13/site-packages/jupyter_server/services/contents/handlers.py", line 156, in get
        model = await ensure_async(
                ^^^^^^^^^^^^^^^^^^^
        ...<7 lines>...
        )
        ^
      File "/mnt/hd1/projects/mestrado/.venv/lib/python3.13/site-packages/jupyter_core/utils/__init__.py", line 214, in ensure_async
        result = await obj
                 ^^^^^^^^^
      File "/mnt/hd1/projects/mestrado/.venv/lib/python3.13/site-packages/jupyter_server/services/contents/filemanager.py", line 928, in get
        model = await self._file_model(
                ^^^^^^^^^^^^^^^^^^^^^^^
            path, content=content, format=format, require_hash=require_hash
            ^^^^^^^^^^^^^^^^^^^^^^^^^^^^^^^^^^^^^^^^^^^^^^^^^^^^^^^^^^^^^^^
        )
        ^
      File "/mnt/hd1/projects/mestrado/.venv/lib/python3.13/site-packages/jupyter_server/services/contents/filemanager.py", line 829, in _file_model
        model = self._base_model(path)
      File "/mnt/hd1/projects/mestrado/.venv/lib/python3.13/site-packages/jupyter_server/services/contents/filemanager.py", line 237, in _base_model
        raise web.HTTPError(404, four_o_four)
    tornado.web.HTTPError: HTTP 404: Not Found (file or directory does not exist: '.venv/lib/python3.13/site-packages/langgraph/pregel/_algo.py')
    
    During handling of the above exception, another exception occurred:
    
    Traceback (most recent call last):
      File "/mnt/hd1/projects/mestrado/.venv/lib/python3.13/site-packages/tornado/web.py", line 1848, in _execute
        result = await result
                 ^^^^^^^^^^^^
      File "/mnt/hd1/projects/mestrado/.venv/lib/python3.13/site-packages/jupyter_server/auth/decorator.py", line 73, in inner
        return await out
               ^^^^^^^^^
      File "/mnt/hd1/projects/mestrado/.venv/lib/python3.13/site-packages/jupyter_server/services/contents/handlers.py", line 182, in get
        await self._finish_error(
            HTTPStatus.NOT_FOUND, f"file or directory {path!r} does not exist"
        )
      File "/mnt/hd1/projects/mestrado/.venv/lib/python3.13/site-packages/jupyter_server/services/contents/handlers.py", line 114, in _finish_error
        self.write(message)
        ~~~~~~~~~~^^^^^^^^^
      File "/mnt/hd1/projects/mestrado/.venv/lib/python3.13/site-packages/tornado/web.py", line 964, in write
        raise RuntimeError("Cannot write() after finish()")
    RuntimeError: Cannot write() after finish()
[W 2025-11-27 21:25:40.580 ServerApp] 404 GET /api/contents/.venv/lib/python3.13/site-packages/langgraph/channels/binop.py?content=0&hash=0&1764289540536 (88018ac180874c64926ff0679824cc90@::1) 13.67ms referer=http://localhost:8888/lab/tree/agente.ipynb
[I 2025-11-27 21:25:40.581 ServerApp] Refusing to serve hidden file or directory '/mnt/hd1/projects/mestrado/.venv/lib/python3.13/site-packages/langgraph/channels/binop.py', via 404 Error
[E 2025-11-27 21:25:40.581 ServerApp] Uncaught exception GET /api/contents/.venv/lib/python3.13/site-packages/langgraph/channels/binop.py?content=0&hash=0&1764289540536 (::1)
    HTTPServerRequest(protocol='http', host='localhost:8888', method='GET', uri='/api/contents/.venv/lib/python3.13/site-packages/langgraph/channels/binop.py?content=0&hash=0&1764289540536', version='HTTP/1.1', remote_ip='::1')
    Traceback (most recent call last):
      File "/mnt/hd1/projects/mestrado/.venv/lib/python3.13/site-packages/jupyter_server/services/contents/handlers.py", line 156, in get
        model = await ensure_async(
                ^^^^^^^^^^^^^^^^^^^
        ...<7 lines>...
        )
        ^
      File "/mnt/hd1/projects/mestrado/.venv/lib/python3.13/site-packages/jupyter_core/utils/__init__.py", line 214, in ensure_async
        result = await obj
                 ^^^^^^^^^
      File "/mnt/hd1/projects/mestrado/.venv/lib/python3.13/site-packages/jupyter_server/services/contents/filemanager.py", line 928, in get
        model = await self._file_model(
                ^^^^^^^^^^^^^^^^^^^^^^^
            path, content=content, format=format, require_hash=require_hash
            ^^^^^^^^^^^^^^^^^^^^^^^^^^^^^^^^^^^^^^^^^^^^^^^^^^^^^^^^^^^^^^^
        )
        ^
      File "/mnt/hd1/projects/mestrado/.venv/lib/python3.13/site-packages/jupyter_server/services/contents/filemanager.py", line 829, in _file_model
        model = self._base_model(path)
      File "/mnt/hd1/projects/mestrado/.venv/lib/python3.13/site-packages/jupyter_server/services/contents/filemanager.py", line 237, in _base_model
        raise web.HTTPError(404, four_o_four)
    tornado.web.HTTPError: HTTP 404: Not Found (file or directory does not exist: '.venv/lib/python3.13/site-packages/langgraph/channels/binop.py')
    
    During handling of the above exception, another exception occurred:
    
    Traceback (most recent call last):
      File "/mnt/hd1/projects/mestrado/.venv/lib/python3.13/site-packages/tornado/web.py", line 1848, in _execute
        result = await result
                 ^^^^^^^^^^^^
      File "/mnt/hd1/projects/mestrado/.venv/lib/python3.13/site-packages/jupyter_server/auth/decorator.py", line 73, in inner
        return await out
               ^^^^^^^^^
      File "/mnt/hd1/projects/mestrado/.venv/lib/python3.13/site-packages/jupyter_server/services/contents/handlers.py", line 182, in get
        await self._finish_error(
            HTTPStatus.NOT_FOUND, f"file or directory {path!r} does not exist"
        )
      File "/mnt/hd1/projects/mestrado/.venv/lib/python3.13/site-packages/jupyter_server/services/contents/handlers.py", line 114, in _finish_error
        self.write(message)
        ~~~~~~~~~~^^^^^^^^^
      File "/mnt/hd1/projects/mestrado/.venv/lib/python3.13/site-packages/tornado/web.py", line 964, in write
        raise RuntimeError("Cannot write() after finish()")
    RuntimeError: Cannot write() after finish()
[W 2025-11-27 21:26:00.940 ServerApp] 404 GET /api/contents/.venv/lib/python3.13/site-packages/langgraph/pregel/main.py?content=0&hash=0&1764289560932 (88018ac180874c64926ff0679824cc90@::1) 2.35ms referer=http://localhost:8888/lab/tree/agente.ipynb
[I 2025-11-27 21:26:00.941 ServerApp] Refusing to serve hidden file or directory '/mnt/hd1/projects/mestrado/.venv/lib/python3.13/site-packages/langgraph/pregel/main.py', via 404 Error
[E 2025-11-27 21:26:00.942 ServerApp] Uncaught exception GET /api/contents/.venv/lib/python3.13/site-packages/langgraph/pregel/main.py?content=0&hash=0&1764289560932 (::1)
    HTTPServerRequest(protocol='http', host='localhost:8888', method='GET', uri='/api/contents/.venv/lib/python3.13/site-packages/langgraph/pregel/main.py?content=0&hash=0&1764289560932', version='HTTP/1.1', remote_ip='::1')
    Traceback (most recent call last):
      File "/mnt/hd1/projects/mestrado/.venv/lib/python3.13/site-packages/jupyter_server/services/contents/handlers.py", line 156, in get
        model = await ensure_async(
                ^^^^^^^^^^^^^^^^^^^
        ...<7 lines>...
        )
        ^
      File "/mnt/hd1/projects/mestrado/.venv/lib/python3.13/site-packages/jupyter_core/utils/__init__.py", line 214, in ensure_async
        result = await obj
                 ^^^^^^^^^
      File "/mnt/hd1/projects/mestrado/.venv/lib/python3.13/site-packages/jupyter_server/services/contents/filemanager.py", line 928, in get
        model = await self._file_model(
                ^^^^^^^^^^^^^^^^^^^^^^^
            path, content=content, format=format, require_hash=require_hash
            ^^^^^^^^^^^^^^^^^^^^^^^^^^^^^^^^^^^^^^^^^^^^^^^^^^^^^^^^^^^^^^^
        )
        ^
      File "/mnt/hd1/projects/mestrado/.venv/lib/python3.13/site-packages/jupyter_server/services/contents/filemanager.py", line 829, in _file_model
        model = self._base_model(path)
      File "/mnt/hd1/projects/mestrado/.venv/lib/python3.13/site-packages/jupyter_server/services/contents/filemanager.py", line 237, in _base_model
        raise web.HTTPError(404, four_o_four)
    tornado.web.HTTPError: HTTP 404: Not Found (file or directory does not exist: '.venv/lib/python3.13/site-packages/langgraph/pregel/main.py')
    
    During handling of the above exception, another exception occurred:
    
    Traceback (most recent call last):
      File "/mnt/hd1/projects/mestrado/.venv/lib/python3.13/site-packages/tornado/web.py", line 1848, in _execute
        result = await result
                 ^^^^^^^^^^^^
      File "/mnt/hd1/projects/mestrado/.venv/lib/python3.13/site-packages/jupyter_server/auth/decorator.py", line 73, in inner
        return await out
               ^^^^^^^^^
      File "/mnt/hd1/projects/mestrado/.venv/lib/python3.13/site-packages/jupyter_server/services/contents/handlers.py", line 182, in get
        await self._finish_error(
            HTTPStatus.NOT_FOUND, f"file or directory {path!r} does not exist"
        )
      File "/mnt/hd1/projects/mestrado/.venv/lib/python3.13/site-packages/jupyter_server/services/contents/handlers.py", line 114, in _finish_error
        self.write(message)
        ~~~~~~~~~~^^^^^^^^^
      File "/mnt/hd1/projects/mestrado/.venv/lib/python3.13/site-packages/tornado/web.py", line 964, in write
        raise RuntimeError("Cannot write() after finish()")
    RuntimeError: Cannot write() after finish()
[W 2025-11-27 21:26:00.949 ServerApp] 404 GET /api/contents/.venv/lib/python3.13/site-packages/langgraph/pregel/main.py?content=0&hash=0&1764289560934 (88018ac180874c64926ff0679824cc90@::1) 2.77ms referer=http://localhost:8888/lab/tree/agente.ipynb
[I 2025-11-27 21:26:00.950 ServerApp] Refusing to serve hidden file or directory '/mnt/hd1/projects/mestrado/.venv/lib/python3.13/site-packages/langgraph/pregel/main.py', via 404 Error
[E 2025-11-27 21:26:00.950 ServerApp] Uncaught exception GET /api/contents/.venv/lib/python3.13/site-packages/langgraph/pregel/main.py?content=0&hash=0&1764289560934 (::1)
    HTTPServerRequest(protocol='http', host='localhost:8888', method='GET', uri='/api/contents/.venv/lib/python3.13/site-packages/langgraph/pregel/main.py?content=0&hash=0&1764289560934', version='HTTP/1.1', remote_ip='::1')
    Traceback (most recent call last):
      File "/mnt/hd1/projects/mestrado/.venv/lib/python3.13/site-packages/jupyter_server/services/contents/handlers.py", line 156, in get
        model = await ensure_async(
                ^^^^^^^^^^^^^^^^^^^
        ...<7 lines>...
        )
        ^
      File "/mnt/hd1/projects/mestrado/.venv/lib/python3.13/site-packages/jupyter_core/utils/__init__.py", line 214, in ensure_async
        result = await obj
                 ^^^^^^^^^
      File "/mnt/hd1/projects/mestrado/.venv/lib/python3.13/site-packages/jupyter_server/services/contents/filemanager.py", line 928, in get
        model = await self._file_model(
                ^^^^^^^^^^^^^^^^^^^^^^^
            path, content=content, format=format, require_hash=require_hash
            ^^^^^^^^^^^^^^^^^^^^^^^^^^^^^^^^^^^^^^^^^^^^^^^^^^^^^^^^^^^^^^^
        )
        ^
      File "/mnt/hd1/projects/mestrado/.venv/lib/python3.13/site-packages/jupyter_server/services/contents/filemanager.py", line 829, in _file_model
        model = self._base_model(path)
      File "/mnt/hd1/projects/mestrado/.venv/lib/python3.13/site-packages/jupyter_server/services/contents/filemanager.py", line 237, in _base_model
        raise web.HTTPError(404, four_o_four)
    tornado.web.HTTPError: HTTP 404: Not Found (file or directory does not exist: '.venv/lib/python3.13/site-packages/langgraph/pregel/main.py')
    
    During handling of the above exception, another exception occurred:
    
    Traceback (most recent call last):
      File "/mnt/hd1/projects/mestrado/.venv/lib/python3.13/site-packages/tornado/web.py", line 1848, in _execute
        result = await result
                 ^^^^^^^^^^^^
      File "/mnt/hd1/projects/mestrado/.venv/lib/python3.13/site-packages/jupyter_server/auth/decorator.py", line 73, in inner
        return await out
               ^^^^^^^^^
      File "/mnt/hd1/projects/mestrado/.venv/lib/python3.13/site-packages/jupyter_server/services/contents/handlers.py", line 182, in get
        await self._finish_error(
            HTTPStatus.NOT_FOUND, f"file or directory {path!r} does not exist"
        )
      File "/mnt/hd1/projects/mestrado/.venv/lib/python3.13/site-packages/jupyter_server/services/contents/handlers.py", line 114, in _finish_error
        self.write(message)
        ~~~~~~~~~~^^^^^^^^^
      File "/mnt/hd1/projects/mestrado/.venv/lib/python3.13/site-packages/tornado/web.py", line 964, in write
        raise RuntimeError("Cannot write() after finish()")
    RuntimeError: Cannot write() after finish()
[W 2025-11-27 21:26:00.955 ServerApp] 404 GET /api/contents/.venv/lib/python3.13/site-packages/langgraph/pregel/_runner.py?content=0&hash=0&1764289560935 (88018ac180874c64926ff0679824cc90@::1) 8.44ms referer=http://localhost:8888/lab/tree/agente.ipynb
[I 2025-11-27 21:26:00.956 ServerApp] Refusing to serve hidden file or directory '/mnt/hd1/projects/mestrado/.venv/lib/python3.13/site-packages/langgraph/pregel/_runner.py', via 404 Error
[E 2025-11-27 21:26:00.957 ServerApp] Uncaught exception GET /api/contents/.venv/lib/python3.13/site-packages/langgraph/pregel/_runner.py?content=0&hash=0&1764289560935 (::1)
    HTTPServerRequest(protocol='http', host='localhost:8888', method='GET', uri='/api/contents/.venv/lib/python3.13/site-packages/langgraph/pregel/_runner.py?content=0&hash=0&1764289560935', version='HTTP/1.1', remote_ip='::1')
    Traceback (most recent call last):
      File "/mnt/hd1/projects/mestrado/.venv/lib/python3.13/site-packages/jupyter_server/services/contents/handlers.py", line 156, in get
        model = await ensure_async(
                ^^^^^^^^^^^^^^^^^^^
        ...<7 lines>...
        )
        ^
      File "/mnt/hd1/projects/mestrado/.venv/lib/python3.13/site-packages/jupyter_core/utils/__init__.py", line 214, in ensure_async
        result = await obj
                 ^^^^^^^^^
      File "/mnt/hd1/projects/mestrado/.venv/lib/python3.13/site-packages/jupyter_server/services/contents/filemanager.py", line 928, in get
        model = await self._file_model(
                ^^^^^^^^^^^^^^^^^^^^^^^
            path, content=content, format=format, require_hash=require_hash
            ^^^^^^^^^^^^^^^^^^^^^^^^^^^^^^^^^^^^^^^^^^^^^^^^^^^^^^^^^^^^^^^
        )
        ^
      File "/mnt/hd1/projects/mestrado/.venv/lib/python3.13/site-packages/jupyter_server/services/contents/filemanager.py", line 829, in _file_model
        model = self._base_model(path)
      File "/mnt/hd1/projects/mestrado/.venv/lib/python3.13/site-packages/jupyter_server/services/contents/filemanager.py", line 237, in _base_model
        raise web.HTTPError(404, four_o_four)
    tornado.web.HTTPError: HTTP 404: Not Found (file or directory does not exist: '.venv/lib/python3.13/site-packages/langgraph/pregel/_runner.py')
    
    During handling of the above exception, another exception occurred:
    
    Traceback (most recent call last):
      File "/mnt/hd1/projects/mestrado/.venv/lib/python3.13/site-packages/tornado/web.py", line 1848, in _execute
        result = await result
                 ^^^^^^^^^^^^
      File "/mnt/hd1/projects/mestrado/.venv/lib/python3.13/site-packages/jupyter_server/auth/decorator.py", line 73, in inner
        return await out
               ^^^^^^^^^
      File "/mnt/hd1/projects/mestrado/.venv/lib/python3.13/site-packages/jupyter_server/services/contents/handlers.py", line 182, in get
        await self._finish_error(
            HTTPStatus.NOT_FOUND, f"file or directory {path!r} does not exist"
        )
      File "/mnt/hd1/projects/mestrado/.venv/lib/python3.13/site-packages/jupyter_server/services/contents/handlers.py", line 114, in _finish_error
        self.write(message)
        ~~~~~~~~~~^^^^^^^^^
      File "/mnt/hd1/projects/mestrado/.venv/lib/python3.13/site-packages/tornado/web.py", line 964, in write
        raise RuntimeError("Cannot write() after finish()")
    RuntimeError: Cannot write() after finish()
[W 2025-11-27 21:26:00.965 ServerApp] 404 GET /api/contents/.venv/lib/python3.13/site-packages/langgraph/pregel/_write.py?content=0&hash=0&1764289560942 (88018ac180874c64926ff0679824cc90@::1) 3.57ms referer=http://localhost:8888/lab/tree/agente.ipynb
[I 2025-11-27 21:26:00.966 ServerApp] Refusing to serve hidden file or directory '/mnt/hd1/projects/mestrado/.venv/lib/python3.13/site-packages/langgraph/pregel/_write.py', via 404 Error
[E 2025-11-27 21:26:00.966 ServerApp] Uncaught exception GET /api/contents/.venv/lib/python3.13/site-packages/langgraph/pregel/_write.py?content=0&hash=0&1764289560942 (::1)
    HTTPServerRequest(protocol='http', host='localhost:8888', method='GET', uri='/api/contents/.venv/lib/python3.13/site-packages/langgraph/pregel/_write.py?content=0&hash=0&1764289560942', version='HTTP/1.1', remote_ip='::1')
    Traceback (most recent call last):
      File "/mnt/hd1/projects/mestrado/.venv/lib/python3.13/site-packages/jupyter_server/services/contents/handlers.py", line 156, in get
        model = await ensure_async(
                ^^^^^^^^^^^^^^^^^^^
        ...<7 lines>...
        )
        ^
      File "/mnt/hd1/projects/mestrado/.venv/lib/python3.13/site-packages/jupyter_core/utils/__init__.py", line 214, in ensure_async
        result = await obj
                 ^^^^^^^^^
      File "/mnt/hd1/projects/mestrado/.venv/lib/python3.13/site-packages/jupyter_server/services/contents/filemanager.py", line 928, in get
        model = await self._file_model(
                ^^^^^^^^^^^^^^^^^^^^^^^
            path, content=content, format=format, require_hash=require_hash
            ^^^^^^^^^^^^^^^^^^^^^^^^^^^^^^^^^^^^^^^^^^^^^^^^^^^^^^^^^^^^^^^
        )
        ^
      File "/mnt/hd1/projects/mestrado/.venv/lib/python3.13/site-packages/jupyter_server/services/contents/filemanager.py", line 829, in _file_model
        model = self._base_model(path)
      File "/mnt/hd1/projects/mestrado/.venv/lib/python3.13/site-packages/jupyter_server/services/contents/filemanager.py", line 237, in _base_model
        raise web.HTTPError(404, four_o_four)
    tornado.web.HTTPError: HTTP 404: Not Found (file or directory does not exist: '.venv/lib/python3.13/site-packages/langgraph/pregel/_write.py')
    
    During handling of the above exception, another exception occurred:
    
    Traceback (most recent call last):
      File "/mnt/hd1/projects/mestrado/.venv/lib/python3.13/site-packages/tornado/web.py", line 1848, in _execute
        result = await result
                 ^^^^^^^^^^^^
      File "/mnt/hd1/projects/mestrado/.venv/lib/python3.13/site-packages/jupyter_server/auth/decorator.py", line 73, in inner
        return await out
               ^^^^^^^^^
      File "/mnt/hd1/projects/mestrado/.venv/lib/python3.13/site-packages/jupyter_server/services/contents/handlers.py", line 182, in get
        await self._finish_error(
            HTTPStatus.NOT_FOUND, f"file or directory {path!r} does not exist"
        )
      File "/mnt/hd1/projects/mestrado/.venv/lib/python3.13/site-packages/jupyter_server/services/contents/handlers.py", line 114, in _finish_error
        self.write(message)
        ~~~~~~~~~~^^^^^^^^^
      File "/mnt/hd1/projects/mestrado/.venv/lib/python3.13/site-packages/tornado/web.py", line 964, in write
        raise RuntimeError("Cannot write() after finish()")
    RuntimeError: Cannot write() after finish()
[W 2025-11-27 21:26:00.971 ServerApp] 404 GET /api/contents/.venv/lib/python3.13/site-packages/langgraph/graph/state.py?content=0&hash=0&1764289560949 (88018ac180874c64926ff0679824cc90@::1) 9.01ms referer=http://localhost:8888/lab/tree/agente.ipynb
[I 2025-11-27 21:26:00.973 ServerApp] Refusing to serve hidden file or directory '/mnt/hd1/projects/mestrado/.venv/lib/python3.13/site-packages/langgraph/graph/state.py', via 404 Error
[E 2025-11-27 21:26:00.973 ServerApp] Uncaught exception GET /api/contents/.venv/lib/python3.13/site-packages/langgraph/graph/state.py?content=0&hash=0&1764289560949 (::1)
    HTTPServerRequest(protocol='http', host='localhost:8888', method='GET', uri='/api/contents/.venv/lib/python3.13/site-packages/langgraph/graph/state.py?content=0&hash=0&1764289560949', version='HTTP/1.1', remote_ip='::1')
    Traceback (most recent call last):
      File "/mnt/hd1/projects/mestrado/.venv/lib/python3.13/site-packages/jupyter_server/services/contents/handlers.py", line 156, in get
        model = await ensure_async(
                ^^^^^^^^^^^^^^^^^^^
        ...<7 lines>...
        )
        ^
      File "/mnt/hd1/projects/mestrado/.venv/lib/python3.13/site-packages/jupyter_core/utils/__init__.py", line 214, in ensure_async
        result = await obj
                 ^^^^^^^^^
      File "/mnt/hd1/projects/mestrado/.venv/lib/python3.13/site-packages/jupyter_server/services/contents/filemanager.py", line 928, in get
        model = await self._file_model(
                ^^^^^^^^^^^^^^^^^^^^^^^
            path, content=content, format=format, require_hash=require_hash
            ^^^^^^^^^^^^^^^^^^^^^^^^^^^^^^^^^^^^^^^^^^^^^^^^^^^^^^^^^^^^^^^
        )
        ^
      File "/mnt/hd1/projects/mestrado/.venv/lib/python3.13/site-packages/jupyter_server/services/contents/filemanager.py", line 829, in _file_model
        model = self._base_model(path)
      File "/mnt/hd1/projects/mestrado/.venv/lib/python3.13/site-packages/jupyter_server/services/contents/filemanager.py", line 237, in _base_model
        raise web.HTTPError(404, four_o_four)
    tornado.web.HTTPError: HTTP 404: Not Found (file or directory does not exist: '.venv/lib/python3.13/site-packages/langgraph/graph/state.py')
    
    During handling of the above exception, another exception occurred:
    
    Traceback (most recent call last):
      File "/mnt/hd1/projects/mestrado/.venv/lib/python3.13/site-packages/tornado/web.py", line 1848, in _execute
        result = await result
                 ^^^^^^^^^^^^
      File "/mnt/hd1/projects/mestrado/.venv/lib/python3.13/site-packages/jupyter_server/auth/decorator.py", line 73, in inner
        return await out
               ^^^^^^^^^
      File "/mnt/hd1/projects/mestrado/.venv/lib/python3.13/site-packages/jupyter_server/services/contents/handlers.py", line 182, in get
        await self._finish_error(
            HTTPStatus.NOT_FOUND, f"file or directory {path!r} does not exist"
        )
      File "/mnt/hd1/projects/mestrado/.venv/lib/python3.13/site-packages/jupyter_server/services/contents/handlers.py", line 114, in _finish_error
        self.write(message)
        ~~~~~~~~~~^^^^^^^^^
      File "/mnt/hd1/projects/mestrado/.venv/lib/python3.13/site-packages/tornado/web.py", line 964, in write
        raise RuntimeError("Cannot write() after finish()")
    RuntimeError: Cannot write() after finish()
[W 2025-11-27 21:26:00.979 ServerApp] 404 GET /api/contents/.venv/lib/python3.13/site-packages/langgraph/pregel/_retry.py?content=0&hash=0&1764289560936 (88018ac180874c64926ff0679824cc90@::1) 15.92ms referer=http://localhost:8888/lab/tree/agente.ipynb
[I 2025-11-27 21:26:00.980 ServerApp] Refusing to serve hidden file or directory '/mnt/hd1/projects/mestrado/.venv/lib/python3.13/site-packages/langgraph/pregel/_retry.py', via 404 Error
[E 2025-11-27 21:26:00.980 ServerApp] Uncaught exception GET /api/contents/.venv/lib/python3.13/site-packages/langgraph/pregel/_retry.py?content=0&hash=0&1764289560936 (::1)
    HTTPServerRequest(protocol='http', host='localhost:8888', method='GET', uri='/api/contents/.venv/lib/python3.13/site-packages/langgraph/pregel/_retry.py?content=0&hash=0&1764289560936', version='HTTP/1.1', remote_ip='::1')
    Traceback (most recent call last):
      File "/mnt/hd1/projects/mestrado/.venv/lib/python3.13/site-packages/jupyter_server/services/contents/handlers.py", line 156, in get
        model = await ensure_async(
                ^^^^^^^^^^^^^^^^^^^
        ...<7 lines>...
        )
        ^
      File "/mnt/hd1/projects/mestrado/.venv/lib/python3.13/site-packages/jupyter_core/utils/__init__.py", line 214, in ensure_async
        result = await obj
                 ^^^^^^^^^
      File "/mnt/hd1/projects/mestrado/.venv/lib/python3.13/site-packages/jupyter_server/services/contents/filemanager.py", line 928, in get
        model = await self._file_model(
                ^^^^^^^^^^^^^^^^^^^^^^^
            path, content=content, format=format, require_hash=require_hash
            ^^^^^^^^^^^^^^^^^^^^^^^^^^^^^^^^^^^^^^^^^^^^^^^^^^^^^^^^^^^^^^^
        )
        ^
      File "/mnt/hd1/projects/mestrado/.venv/lib/python3.13/site-packages/jupyter_server/services/contents/filemanager.py", line 829, in _file_model
        model = self._base_model(path)
      File "/mnt/hd1/projects/mestrado/.venv/lib/python3.13/site-packages/jupyter_server/services/contents/filemanager.py", line 237, in _base_model
        raise web.HTTPError(404, four_o_four)
    tornado.web.HTTPError: HTTP 404: Not Found (file or directory does not exist: '.venv/lib/python3.13/site-packages/langgraph/pregel/_retry.py')
    
    During handling of the above exception, another exception occurred:
    
    Traceback (most recent call last):
      File "/mnt/hd1/projects/mestrado/.venv/lib/python3.13/site-packages/tornado/web.py", line 1848, in _execute
        result = await result
                 ^^^^^^^^^^^^
      File "/mnt/hd1/projects/mestrado/.venv/lib/python3.13/site-packages/jupyter_server/auth/decorator.py", line 73, in inner
        return await out
               ^^^^^^^^^
      File "/mnt/hd1/projects/mestrado/.venv/lib/python3.13/site-packages/jupyter_server/services/contents/handlers.py", line 182, in get
        await self._finish_error(
            HTTPStatus.NOT_FOUND, f"file or directory {path!r} does not exist"
        )
      File "/mnt/hd1/projects/mestrado/.venv/lib/python3.13/site-packages/jupyter_server/services/contents/handlers.py", line 114, in _finish_error
        self.write(message)
        ~~~~~~~~~~^^^^^^^^^
      File "/mnt/hd1/projects/mestrado/.venv/lib/python3.13/site-packages/tornado/web.py", line 964, in write
        raise RuntimeError("Cannot write() after finish()")
    RuntimeError: Cannot write() after finish()
[W 2025-11-27 21:26:00.988 ServerApp] 404 GET /api/contents/.venv/lib/python3.13/site-packages/langgraph/_internal/_runnable.py?content=0&hash=0&1764289560938 (88018ac180874c64926ff0679824cc90@::1) 3.16ms referer=http://localhost:8888/lab/tree/agente.ipynb
[I 2025-11-27 21:26:00.988 ServerApp] Refusing to serve hidden file or directory '/mnt/hd1/projects/mestrado/.venv/lib/python3.13/site-packages/langgraph/_internal/_runnable.py', via 404 Error
[E 2025-11-27 21:26:00.988 ServerApp] Uncaught exception GET /api/contents/.venv/lib/python3.13/site-packages/langgraph/_internal/_runnable.py?content=0&hash=0&1764289560938 (::1)
    HTTPServerRequest(protocol='http', host='localhost:8888', method='GET', uri='/api/contents/.venv/lib/python3.13/site-packages/langgraph/_internal/_runnable.py?content=0&hash=0&1764289560938', version='HTTP/1.1', remote_ip='::1')
    Traceback (most recent call last):
      File "/mnt/hd1/projects/mestrado/.venv/lib/python3.13/site-packages/jupyter_server/services/contents/handlers.py", line 156, in get
        model = await ensure_async(
                ^^^^^^^^^^^^^^^^^^^
        ...<7 lines>...
        )
        ^
      File "/mnt/hd1/projects/mestrado/.venv/lib/python3.13/site-packages/jupyter_core/utils/__init__.py", line 214, in ensure_async
        result = await obj
                 ^^^^^^^^^
      File "/mnt/hd1/projects/mestrado/.venv/lib/python3.13/site-packages/jupyter_server/services/contents/filemanager.py", line 928, in get
        model = await self._file_model(
                ^^^^^^^^^^^^^^^^^^^^^^^
            path, content=content, format=format, require_hash=require_hash
            ^^^^^^^^^^^^^^^^^^^^^^^^^^^^^^^^^^^^^^^^^^^^^^^^^^^^^^^^^^^^^^^
        )
        ^
      File "/mnt/hd1/projects/mestrado/.venv/lib/python3.13/site-packages/jupyter_server/services/contents/filemanager.py", line 829, in _file_model
        model = self._base_model(path)
      File "/mnt/hd1/projects/mestrado/.venv/lib/python3.13/site-packages/jupyter_server/services/contents/filemanager.py", line 237, in _base_model
        raise web.HTTPError(404, four_o_four)
    tornado.web.HTTPError: HTTP 404: Not Found (file or directory does not exist: '.venv/lib/python3.13/site-packages/langgraph/_internal/_runnable.py')
    
    During handling of the above exception, another exception occurred:
    
    Traceback (most recent call last):
      File "/mnt/hd1/projects/mestrado/.venv/lib/python3.13/site-packages/tornado/web.py", line 1848, in _execute
        result = await result
                 ^^^^^^^^^^^^
      File "/mnt/hd1/projects/mestrado/.venv/lib/python3.13/site-packages/jupyter_server/auth/decorator.py", line 73, in inner
        return await out
               ^^^^^^^^^
      File "/mnt/hd1/projects/mestrado/.venv/lib/python3.13/site-packages/jupyter_server/services/contents/handlers.py", line 182, in get
        await self._finish_error(
            HTTPStatus.NOT_FOUND, f"file or directory {path!r} does not exist"
        )
      File "/mnt/hd1/projects/mestrado/.venv/lib/python3.13/site-packages/jupyter_server/services/contents/handlers.py", line 114, in _finish_error
        self.write(message)
        ~~~~~~~~~~^^^^^^^^^
      File "/mnt/hd1/projects/mestrado/.venv/lib/python3.13/site-packages/tornado/web.py", line 964, in write
        raise RuntimeError("Cannot write() after finish()")
    RuntimeError: Cannot write() after finish()
[W 2025-11-27 21:26:00.992 ServerApp] 404 GET /api/contents/.venv/lib/python3.13/site-packages/langgraph/pregel/_write.py?content=0&hash=0&1764289560940 (88018ac180874c64926ff0679824cc90@::1) 6.12ms referer=http://localhost:8888/lab/tree/agente.ipynb
[I 2025-11-27 21:26:00.992 ServerApp] Refusing to serve hidden file or directory '/mnt/hd1/projects/mestrado/.venv/lib/python3.13/site-packages/langgraph/pregel/_write.py', via 404 Error
[E 2025-11-27 21:26:00.992 ServerApp] Uncaught exception GET /api/contents/.venv/lib/python3.13/site-packages/langgraph/pregel/_write.py?content=0&hash=0&1764289560940 (::1)
    HTTPServerRequest(protocol='http', host='localhost:8888', method='GET', uri='/api/contents/.venv/lib/python3.13/site-packages/langgraph/pregel/_write.py?content=0&hash=0&1764289560940', version='HTTP/1.1', remote_ip='::1')
    Traceback (most recent call last):
      File "/mnt/hd1/projects/mestrado/.venv/lib/python3.13/site-packages/jupyter_server/services/contents/handlers.py", line 156, in get
        model = await ensure_async(
                ^^^^^^^^^^^^^^^^^^^
        ...<7 lines>...
        )
        ^
      File "/mnt/hd1/projects/mestrado/.venv/lib/python3.13/site-packages/jupyter_core/utils/__init__.py", line 214, in ensure_async
        result = await obj
                 ^^^^^^^^^
      File "/mnt/hd1/projects/mestrado/.venv/lib/python3.13/site-packages/jupyter_server/services/contents/filemanager.py", line 928, in get
        model = await self._file_model(
                ^^^^^^^^^^^^^^^^^^^^^^^
            path, content=content, format=format, require_hash=require_hash
            ^^^^^^^^^^^^^^^^^^^^^^^^^^^^^^^^^^^^^^^^^^^^^^^^^^^^^^^^^^^^^^^
        )
        ^
      File "/mnt/hd1/projects/mestrado/.venv/lib/python3.13/site-packages/jupyter_server/services/contents/filemanager.py", line 829, in _file_model
        model = self._base_model(path)
      File "/mnt/hd1/projects/mestrado/.venv/lib/python3.13/site-packages/jupyter_server/services/contents/filemanager.py", line 237, in _base_model
        raise web.HTTPError(404, four_o_four)
    tornado.web.HTTPError: HTTP 404: Not Found (file or directory does not exist: '.venv/lib/python3.13/site-packages/langgraph/pregel/_write.py')
    
    During handling of the above exception, another exception occurred:
    
    Traceback (most recent call last):
      File "/mnt/hd1/projects/mestrado/.venv/lib/python3.13/site-packages/tornado/web.py", line 1848, in _execute
        result = await result
                 ^^^^^^^^^^^^
      File "/mnt/hd1/projects/mestrado/.venv/lib/python3.13/site-packages/jupyter_server/auth/decorator.py", line 73, in inner
        return await out
               ^^^^^^^^^
      File "/mnt/hd1/projects/mestrado/.venv/lib/python3.13/site-packages/jupyter_server/services/contents/handlers.py", line 182, in get
        await self._finish_error(
            HTTPStatus.NOT_FOUND, f"file or directory {path!r} does not exist"
        )
      File "/mnt/hd1/projects/mestrado/.venv/lib/python3.13/site-packages/jupyter_server/services/contents/handlers.py", line 114, in _finish_error
        self.write(message)
        ~~~~~~~~~~^^^^^^^^^
      File "/mnt/hd1/projects/mestrado/.venv/lib/python3.13/site-packages/tornado/web.py", line 964, in write
        raise RuntimeError("Cannot write() after finish()")
    RuntimeError: Cannot write() after finish()
[W 2025-11-27 21:26:00.995 ServerApp] 404 GET /api/contents/.venv/lib/python3.13/site-packages/langgraph/pregel/_write.py?content=0&hash=0&1764289560947 (88018ac180874c64926ff0679824cc90@::1) 8.62ms referer=http://localhost:8888/lab/tree/agente.ipynb
[I 2025-11-27 21:26:00.995 ServerApp] Refusing to serve hidden file or directory '/mnt/hd1/projects/mestrado/.venv/lib/python3.13/site-packages/langgraph/pregel/_write.py', via 404 Error
[E 2025-11-27 21:26:00.995 ServerApp] Uncaught exception GET /api/contents/.venv/lib/python3.13/site-packages/langgraph/pregel/_write.py?content=0&hash=0&1764289560947 (::1)
    HTTPServerRequest(protocol='http', host='localhost:8888', method='GET', uri='/api/contents/.venv/lib/python3.13/site-packages/langgraph/pregel/_write.py?content=0&hash=0&1764289560947', version='HTTP/1.1', remote_ip='::1')
    Traceback (most recent call last):
      File "/mnt/hd1/projects/mestrado/.venv/lib/python3.13/site-packages/jupyter_server/services/contents/handlers.py", line 156, in get
        model = await ensure_async(
                ^^^^^^^^^^^^^^^^^^^
        ...<7 lines>...
        )
        ^
      File "/mnt/hd1/projects/mestrado/.venv/lib/python3.13/site-packages/jupyter_core/utils/__init__.py", line 214, in ensure_async
        result = await obj
                 ^^^^^^^^^
      File "/mnt/hd1/projects/mestrado/.venv/lib/python3.13/site-packages/jupyter_server/services/contents/filemanager.py", line 928, in get
        model = await self._file_model(
                ^^^^^^^^^^^^^^^^^^^^^^^
            path, content=content, format=format, require_hash=require_hash
            ^^^^^^^^^^^^^^^^^^^^^^^^^^^^^^^^^^^^^^^^^^^^^^^^^^^^^^^^^^^^^^^
        )
        ^
      File "/mnt/hd1/projects/mestrado/.venv/lib/python3.13/site-packages/jupyter_server/services/contents/filemanager.py", line 829, in _file_model
        model = self._base_model(path)
      File "/mnt/hd1/projects/mestrado/.venv/lib/python3.13/site-packages/jupyter_server/services/contents/filemanager.py", line 237, in _base_model
        raise web.HTTPError(404, four_o_four)
    tornado.web.HTTPError: HTTP 404: Not Found (file or directory does not exist: '.venv/lib/python3.13/site-packages/langgraph/pregel/_write.py')
    
    During handling of the above exception, another exception occurred:
    
    Traceback (most recent call last):
      File "/mnt/hd1/projects/mestrado/.venv/lib/python3.13/site-packages/tornado/web.py", line 1848, in _execute
        result = await result
                 ^^^^^^^^^^^^
      File "/mnt/hd1/projects/mestrado/.venv/lib/python3.13/site-packages/jupyter_server/auth/decorator.py", line 73, in inner
        return await out
               ^^^^^^^^^
      File "/mnt/hd1/projects/mestrado/.venv/lib/python3.13/site-packages/jupyter_server/services/contents/handlers.py", line 182, in get
        await self._finish_error(
            HTTPStatus.NOT_FOUND, f"file or directory {path!r} does not exist"
        )
      File "/mnt/hd1/projects/mestrado/.venv/lib/python3.13/site-packages/jupyter_server/services/contents/handlers.py", line 114, in _finish_error
        self.write(message)
        ~~~~~~~~~~^^^^^^^^^
      File "/mnt/hd1/projects/mestrado/.venv/lib/python3.13/site-packages/tornado/web.py", line 964, in write
        raise RuntimeError("Cannot write() after finish()")
    RuntimeError: Cannot write() after finish()
[I 2025-11-27 21:26:35.882 ServerApp] Saving file at /agente.ipynb
[I 2025-11-27 21:28:36.356 ServerApp] Saving file at /agente.ipynb
[I 2025-11-27 21:30:38.880 ServerApp] Saving file at /agente.ipynb
[I 2025-11-27 21:34:40.825 ServerApp] Saving file at /agente.ipynb
[I 2025-11-27 21:36:42.777 ServerApp] Saving file at /agente.ipynb
[I 2025-11-27 21:38:44.738 ServerApp] Saving file at /agente.ipynb
[I 2025-11-27 21:40:46.696 ServerApp] Saving file at /agente.ipynb
[I 2025-11-27 21:42:48.879 ServerApp] Saving file at /agente.ipynb
[I 2025-11-27 21:44:50.799 ServerApp] Saving file at /agente.ipynb
[I 2025-11-27 21:45:06.588 ServerApp] Saving file at /agente.ipynb
[I 2025-11-27 21:54:51.878 ServerApp] Saving file at /agente.ipynb
[I 2025-11-27 21:56:53.879 ServerApp] Saving file at /agente.ipynb
[I 2025-11-27 22:04:55.901 ServerApp] Saving file at /agente.ipynb
